USE [BusinessSafe]
GO

/****** Object:  Table [dbo].[SafeCheckQuestionResponse]    Script Date: 09/04/2013 17:02:50 ******/
INSERT [dbo].[SafeCheckQuestionResponse] ([Id], [Title], [Comment], [Date], [ResponseType], [QuestionId]) VALUES (N'ff8dd5be-6a11-4866-bfdd-012f6974596f', N'Not Applicable', N'', NULL, N'Neutral', N'eee0631c-32e0-4044-9a41-aea2471ebe3f')
INSERT [dbo].[SafeCheckQuestionResponse] ([Id], [Title], [Comment], [Date], [ResponseType], [QuestionId]) VALUES (N'5eedd762-07bb-4641-9222-04ad08cf3d32', N'Unacceptable', N'Ensure tail lifts are subject to a six monthly Thorough Examination. ', NULL, N'Negative', N'fae45722-efac-4b4b-8027-4ed30edff13d')
INSERT [dbo].[SafeCheckQuestionResponse] ([Id], [Title], [Comment], [Date], [ResponseType], [QuestionId]) VALUES (N'9aba3ac2-a8b6-4227-9ab5-075c82b7f179', N'Acceptable', N'Competent health and safety advice available. ', NULL, N'Positive', N'4424d7b6-ba49-4b27-845b-ff1f221b4ce4')
INSERT [dbo].[SafeCheckQuestionResponse] ([Id], [Title], [Comment], [Date], [ResponseType], [QuestionId]) VALUES (N'69d48fc9-56d5-4781-a56c-07b90de7f085', N'Not Applicable', N'', NULL, N'Neutral', N'56a6dade-cafb-4f67-95e4-fb4668befaec')
INSERT [dbo].[SafeCheckQuestionResponse] ([Id], [Title], [Comment], [Date], [ResponseType], [QuestionId]) VALUES (N'a8f1d852-8dce-4ab7-9856-092d4a4e97ff', N'Not Applicable', N'', NULL, N'Neutral', N'49610d2a-b473-444d-970d-aa0336b5eac3')
INSERT [dbo].[SafeCheckQuestionResponse] ([Id], [Title], [Comment], [Date], [ResponseType], [QuestionId]) VALUES (N'6a1e8c43-e294-4f63-83cf-09d75a06eb31', N'Unacceptable', N'Ensure arrangements are in place to ensure that vehicle reversing can be carried out safely on the premises. ', NULL, N'Negative', N'95bbf08c-f464-477d-b1b4-6d2552a0bf86')
INSERT [dbo].[SafeCheckQuestionResponse] ([Id], [Title], [Comment], [Date], [ResponseType], [QuestionId]) VALUES (N'09a96356-eb7a-45ee-98b7-0a26c407db1d', N'Not Applicable', N'', NULL, N'Neutral', N'94b307ae-a0dd-4e17-a1bb-b17c5405cc75')
INSERT [dbo].[SafeCheckQuestionResponse] ([Id], [Title], [Comment], [Date], [ResponseType], [QuestionId]) VALUES (N'ac28d713-6eab-4fc6-a6e2-0ae4d30f11a8', N'Unacceptable', N'Ensure visual checks are undertaken on all work vehicles. ', NULL, N'Negative', N'fdac29e4-6671-49df-9468-abf66c947ce2')
INSERT [dbo].[SafeCheckQuestionResponse] ([Id], [Title], [Comment], [Date], [ResponseType], [QuestionId]) VALUES (N'5382c7d0-d6a2-4350-9b51-0cb54b4f6f23', N'Acceptable', N'Local Exhaust Ventilation system examined within the last fourteen months by a competent qualified person. ', NULL, N'Positive', N'430b8830-d95e-4e0f-8863-951fa1603f32')
INSERT [dbo].[SafeCheckQuestionResponse] ([Id], [Title], [Comment], [Date], [ResponseType], [QuestionId]) VALUES (N'e940d26a-07c5-4e9c-8308-0d16ec41c32d', N'Acceptable', N'Adequate access and egress to workplace.', NULL, N'Positive', N'acf0b371-efd3-456a-ab5c-39bfd0704684')
INSERT [dbo].[SafeCheckQuestionResponse] ([Id], [Title], [Comment], [Date], [ResponseType], [QuestionId]) VALUES (N'086afff6-1a01-4988-81c5-0de981198d0f', N'Not Applicable', N'', NULL, N'Neutral', N'a7741657-5b46-4238-ad98-eb5dff7f7b98')
INSERT [dbo].[SafeCheckQuestionResponse] ([Id], [Title], [Comment], [Date], [ResponseType], [QuestionId]) VALUES (N'16ff01ad-418f-41cf-8e28-0f2a478079a0', N'Unacceptable', N'Ensure that all goods lifts are subject to a Thorough Examination on an annual basis.', NULL, N'Negative', N'425b8f10-acf6-4177-bdc3-d2a03383398a')
INSERT [dbo].[SafeCheckQuestionResponse] ([Id], [Title], [Comment], [Date], [ResponseType], [QuestionId]) VALUES (N'ece34758-8a24-4747-a3fb-0fa81b63e25f', N'Unacceptable', N'Ensure there are adequate procedures for the use of weed killing and insecticide chemicals. Consider the storage arrangements for the chemicals.', NULL, N'Negative', N'94b307ae-a0dd-4e17-a1bb-b17c5405cc75')
INSERT [dbo].[SafeCheckQuestionResponse] ([Id], [Title], [Comment], [Date], [ResponseType], [QuestionId]) VALUES (N'fcae8adb-c6b4-4f97-896f-0fece5b1ae3c', N'Unacceptable', N'Ensure that restricted devices are fitted to windows and common parts where there is a risk of falling. Ensure that these devices allow the window to be set in a locked position. Ensure that the devices are maintained and tested periodically.', NULL, N'Negative', N'5c77256e-fbfd-4992-bdc3-19c84f1f8bf8')
INSERT [dbo].[SafeCheckQuestionResponse] ([Id], [Title], [Comment], [Date], [ResponseType], [QuestionId]) VALUES (N'0bf3446f-deae-4422-bacb-1008ed9d9442', N'Not Applicable', N'', NULL, N'Neutral', N'49962659-cbf6-4420-9686-e85ed4b3d6e6')
INSERT [dbo].[SafeCheckQuestionResponse] ([Id], [Title], [Comment], [Date], [ResponseType], [QuestionId]) VALUES (N'f77904e2-78ce-4f37-a359-102209d7035a', N'Unacceptable', N'Personal Emergency Evacuation Plans should be devised for persons who have recognised disabilities.  These should be unique to the individual and should be tested and reviewed periodically.', NULL, N'Negative', N'90cf8c4a-d2d1-4007-befd-34cfccc4bde7')
INSERT [dbo].[SafeCheckQuestionResponse] ([Id], [Title], [Comment], [Date], [ResponseType], [QuestionId]) VALUES (N'c8a3f8d9-49e7-4dbe-98dc-1078a75c60e3', N'Unacceptable', N'Ensure that work areas and facilities are designed to provide adequate space for workers.', NULL, N'Negative', N'107dc727-57c5-4a90-bfa3-1508db13735d')
INSERT [dbo].[SafeCheckQuestionResponse] ([Id], [Title], [Comment], [Date], [ResponseType], [QuestionId]) VALUES (N'466ef2d0-81ee-4560-bf27-1151fcd9c980', N'Not Applicable', N'', NULL, N'Neutral', N'bd2979ee-ec03-4514-923b-0d0a26f0a2c7')
INSERT [dbo].[SafeCheckQuestionResponse] ([Id], [Title], [Comment], [Date], [ResponseType], [QuestionId]) VALUES (N'b001f726-e507-4504-91f4-120a42b65a96', N'Unacceptable', N'Ensure that steps and stairways are suitably covered and identified as necessary.', NULL, N'Negative', N'fa7b1e60-744e-4a32-82d1-f390ae342a41')
INSERT [dbo].[SafeCheckQuestionResponse] ([Id], [Title], [Comment], [Date], [ResponseType], [QuestionId]) VALUES (N'e0171c8b-7dae-4a10-9f41-12e876663b38', N'Acceptable', N'Thorough Examination carried out on tail lifts within the last six months.', NULL, N'Positive', N'fae45722-efac-4b4b-8027-4ed30edff13d')
INSERT [dbo].[SafeCheckQuestionResponse] ([Id], [Title], [Comment], [Date], [ResponseType], [QuestionId]) VALUES (N'd03d1775-d197-4303-b114-14067ce358ff', N'Unacceptable', N'Ensure that all gas equipment is subject to a periodic examination by a qualified Gas Safe Engineer. ', NULL, N'Negative', N'88110872-579b-415c-a5a2-fa7dc90f2438')
INSERT [dbo].[SafeCheckQuestionResponse] ([Id], [Title], [Comment], [Date], [ResponseType], [QuestionId]) VALUES (N'e81a0983-6b73-4b8f-8011-160a59186863', N'Not Applicable', N'', NULL, N'Neutral', N'4424d7b6-ba49-4b27-845b-ff1f221b4ce4')
INSERT [dbo].[SafeCheckQuestionResponse] ([Id], [Title], [Comment], [Date], [ResponseType], [QuestionId]) VALUES (N'da8a7b50-2f28-44d1-812f-165821a8a8f1', N'Unacceptable', N'Carry out new and expectant mothers risk assessments. Ensure that these are documented and any further control measures are implemented.  Risk assessments should be reviewed at least annually.', NULL, N'Negative', N'caa26613-3ba2-4820-bc99-160e8f53d1cf')
INSERT [dbo].[SafeCheckQuestionResponse] ([Id], [Title], [Comment], [Date], [ResponseType], [QuestionId]) VALUES (N'0b3a688a-e5d4-4cc2-8e96-16eced9f1d3d', N'Not Applicable', N'', NULL, N'Neutral', N'def1d135-a7e2-4ecf-8b37-8bfd92eb40eb')
INSERT [dbo].[SafeCheckQuestionResponse] ([Id], [Title], [Comment], [Date], [ResponseType], [QuestionId]) VALUES (N'1b5bce5a-4980-4d19-854e-16ee352a2e68', N'Not Applicable', N'', NULL, N'Neutral', N'6b7741bd-d2ed-4c55-96a7-effce369f1cf')
INSERT [dbo].[SafeCheckQuestionResponse] ([Id], [Title], [Comment], [Date], [ResponseType], [QuestionId]) VALUES (N'44ac922b-03b4-43f8-957d-178d0bb95d0d', N'Unacceptable', N'Ensure there are arrangements in place to protect employees and others from vehicles and goods being unloaded. Consider segregation, signage and training to employees and drivers.', NULL, N'Negative', N'f2600c1f-b0ae-49f7-9bd0-b1a8b3ab9277')
INSERT [dbo].[SafeCheckQuestionResponse] ([Id], [Title], [Comment], [Date], [ResponseType], [QuestionId]) VALUES (N'b5b095b8-ce3c-4dcd-ba88-1797788fd8a2', N'Unacceptable', N'A Fire Risk Assessment should be carried out for the premises. It should be periodically reviewed to ensure any changes to the premises/operations are taken into account.', NULL, N'Negative', N'8a55a24c-25b9-4c30-9304-6ceda51cc682')
INSERT [dbo].[SafeCheckQuestionResponse] ([Id], [Title], [Comment], [Date], [ResponseType], [QuestionId]) VALUES (N'babe484d-697d-4f24-b12f-1854466bb622', N'Not Applicable', N'', NULL, N'Neutral', N'8a393a6d-82e5-46bc-ae40-efdbf9f38ef6')
INSERT [dbo].[SafeCheckQuestionResponse] ([Id], [Title], [Comment], [Date], [ResponseType], [QuestionId]) VALUES (N'5e820b68-e341-4a4d-a566-18bc439a56ab', N'Acceptable', N'Noise risk assessment and suitable control measures in place.', NULL, N'Positive', N'141ce66a-6332-4c1c-abda-228b61a1b2bf')
INSERT [dbo].[SafeCheckQuestionResponse] ([Id], [Title], [Comment], [Date], [ResponseType], [QuestionId]) VALUES (N'12585a57-bd35-42e2-9094-190c6f01ad47', N'Acceptable', N'Flooring suitable. ', NULL, N'Positive', N'f8fc56c3-9ece-455a-8e5b-b6cb6870d034')
INSERT [dbo].[SafeCheckQuestionResponse] ([Id], [Title], [Comment], [Date], [ResponseType], [QuestionId]) VALUES (N'649f95a9-d138-4e46-b392-1a0808bf6c01', N'Not Applicable', N'', NULL, N'Neutral', N'f94bda28-9b2f-40d1-b8fa-2a211ce7b7af')
INSERT [dbo].[SafeCheckQuestionResponse] ([Id], [Title], [Comment], [Date], [ResponseType], [QuestionId]) VALUES (N'28d42db1-05af-48cb-8f8c-1aaf0a23d95b', N'Unacceptable', N'Fire equipment should be serviced annually by a qualified competent person. ', NULL, N'Negative', N'f919da33-b76f-435a-b8b7-b71e80d29edb')
INSERT [dbo].[SafeCheckQuestionResponse] ([Id], [Title], [Comment], [Date], [ResponseType], [QuestionId]) VALUES (N'5a9ba554-8377-427f-8437-1ac5e706ba60', N'Not Applicable', N'', NULL, N'Neutral', N'6ff2a0eb-6e29-45b5-b75e-095b1ca98f96')
INSERT [dbo].[SafeCheckQuestionResponse] ([Id], [Title], [Comment], [Date], [ResponseType], [QuestionId]) VALUES (N'525cead3-3e19-4e6b-a1a0-1bdd45b2db5a', N'Unacceptable', N'"Ensure that where there is a risk of scalds through contact with hot pipes/other surfaces, that radiator and pipe covers are used to protect service users."', NULL, N'Negative', N'16ed225d-a33e-4d35-8c7b-a87bb553e33c')
INSERT [dbo].[SafeCheckQuestionResponse] ([Id], [Title], [Comment], [Date], [ResponseType], [QuestionId]) VALUES (N'31fac90e-4e01-4d6b-b603-1bee67a36ca2', N'Unacceptable', N'Ensure that there are mechanisms in place to consult with staff on health and safety issues. Record these consultations. ', NULL, N'Negative', N'74f3d203-f8e4-4303-bba8-e0222aa9ee42')
INSERT [dbo].[SafeCheckQuestionResponse] ([Id], [Title], [Comment], [Date], [ResponseType], [QuestionId]) VALUES (N'9ac7fe71-c155-4ce0-bbbd-1bf88fddf49c', N'Unacceptable', N'Public areas should be maintained in a suitable condition and free from hazards.', NULL, N'Negative', N'5c908fef-bd25-4555-88ee-358844d3a645')
INSERT [dbo].[SafeCheckQuestionResponse] ([Id], [Title], [Comment], [Date], [ResponseType], [QuestionId]) VALUES (N'dc1969d0-c8d3-43de-a83c-1eaf82e6dcf5', N'Unacceptable', N'Ensure that there is access to competent and up to date health and safety advice, source this via a third party if necessary.', NULL, N'Negative', N'4424d7b6-ba49-4b27-845b-ff1f221b4ce4')
INSERT [dbo].[SafeCheckQuestionResponse] ([Id], [Title], [Comment], [Date], [ResponseType], [QuestionId]) VALUES (N'65931a50-ea29-4e3d-a8ba-1fbda97ed6d9', N'Acceptable', N'Health Surveillance undertaken with records retained. ', NULL, N'Positive', N'94ab1e50-70ce-40f7-96c3-8eea69dd8e20')
INSERT [dbo].[SafeCheckQuestionResponse] ([Id], [Title], [Comment], [Date], [ResponseType], [QuestionId]) VALUES (N'6edb4da9-c621-42e6-832e-204ed9bd462f', N'Not Applicable', N'', NULL, N'Neutral', N'5c908fef-bd25-4555-88ee-358844d3a645')
INSERT [dbo].[SafeCheckQuestionResponse] ([Id], [Title], [Comment], [Date], [ResponseType], [QuestionId]) VALUES (N'be095256-b4dc-48f9-95cf-20c82b3bed0d', N'Acceptable', N'First aid kits available and maintained.', NULL, N'Positive', N'd8273f7e-f4ba-4165-a903-708754ef640a')
INSERT [dbo].[SafeCheckQuestionResponse] ([Id], [Title], [Comment], [Date], [ResponseType], [QuestionId]) VALUES (N'8142ba47-6171-4b2f-9c77-214696117e72', N'Unacceptable', N'Implement housekeeping procedures to ensure all areas of the premises are kept to a good standard. ', NULL, N'Negative', N'654db79f-93cf-4c52-b7c4-91f845f7f107')
INSERT [dbo].[SafeCheckQuestionResponse] ([Id], [Title], [Comment], [Date], [ResponseType], [QuestionId]) VALUES (N'40f30031-6343-44ba-a38d-22c9245be906', N'Not Applicable', N'', NULL, N'Neutral', N'e7c3f463-47ed-43a4-8512-79c88a1d18fe')
INSERT [dbo].[SafeCheckQuestionResponse] ([Id], [Title], [Comment], [Date], [ResponseType], [QuestionId]) VALUES (N'83047157-54b4-48d9-8db3-2337a4255128', N'Unacceptable', N'Ensure that a risk assessment in the use of lubricants and cutting oils is carried out and safe working procedures adopted. ', NULL, N'Negative', N'42740025-ab43-4371-b99d-2b7c6848cfbb')
INSERT [dbo].[SafeCheckQuestionResponse] ([Id], [Title], [Comment], [Date], [ResponseType], [QuestionId]) VALUES (N'cf99ef87-30f1-4269-aad3-233f175f4bd8', N'Unacceptable', N'Periodic checklists should be created so that management can demonstrate that their health and safety responsibilities are being carried out ', NULL, N'Negative', N'7f1a2d57-d85a-4876-9c3e-45f491b991af')
INSERT [dbo].[SafeCheckQuestionResponse] ([Id], [Title], [Comment], [Date], [ResponseType], [QuestionId]) VALUES (N'6b3199b2-b80c-47bc-8dd8-25d23364b4c7', N'Not Applicable', N'', NULL, N'Neutral', N'5daf1954-cb43-4e2d-b19f-ffbf5e80ac40')
INSERT [dbo].[SafeCheckQuestionResponse] ([Id], [Title], [Comment], [Date], [ResponseType], [QuestionId]) VALUES (N'5b9e42d4-bcf5-426a-b487-261d4edd2d7a', N'Not Applicable', N'', NULL, N'Neutral', N'b795eabd-08bd-44af-934e-452dcda0d28e')
INSERT [dbo].[SafeCheckQuestionResponse] ([Id], [Title], [Comment], [Date], [ResponseType], [QuestionId]) VALUES (N'db7cf7d4-8146-44bc-af41-2640e097c3a4', N'Unacceptable', N'Carry out manual handling assessments. Ensure that these are documented and any further control measures are implemented.  Risk assessments should be reviewed annually.', NULL, N'Negative', N'69a5d5f4-8d9f-4b80-a0d5-8b8e29a349ee')
INSERT [dbo].[SafeCheckQuestionResponse] ([Id], [Title], [Comment], [Date], [ResponseType], [QuestionId]) VALUES (N'38553a5a-3c65-4236-bbc1-26892fc4927f', N'Not Applicable', N'', NULL, N'Neutral', N'88110872-579b-415c-a5a2-fa7dc90f2438')
INSERT [dbo].[SafeCheckQuestionResponse] ([Id], [Title], [Comment], [Date], [ResponseType], [QuestionId]) VALUES (N'a698c6b0-9d5a-4353-9a55-269da795e47f', N'Not Applicable', N'', NULL, N'Neutral', N'f532c2fa-83f4-49eb-93c6-d990c8cdf77f')
INSERT [dbo].[SafeCheckQuestionResponse] ([Id], [Title], [Comment], [Date], [ResponseType], [QuestionId]) VALUES (N'47ef78e1-add0-4193-8e41-276fc2a43d28', N'Not Applicable', N'', NULL, N'Neutral', N'69a5d5f4-8d9f-4b80-a0d5-8b8e29a349ee')
INSERT [dbo].[SafeCheckQuestionResponse] ([Id], [Title], [Comment], [Date], [ResponseType], [QuestionId]) VALUES (N'8de53919-5008-492c-8522-2795196e95b6', N'Not Applicable', N'', NULL, N'Neutral', N'16ed225d-a33e-4d35-8c7b-a87bb553e33c')
INSERT [dbo].[SafeCheckQuestionResponse] ([Id], [Title], [Comment], [Date], [ResponseType], [QuestionId]) VALUES (N'862b9e8f-05f6-464e-a8b0-288b6ca3be49', N'Acceptable', N'Risk assessment process in place.', NULL, N'Positive', N'f94bda28-9b2f-40d1-b8fa-2a211ce7b7af')
INSERT [dbo].[SafeCheckQuestionResponse] ([Id], [Title], [Comment], [Date], [ResponseType], [QuestionId]) VALUES (N'bed5afe7-311d-4c53-85bc-28c9596196bf', N'Unacceptable', N'Ensure that work equipment is selected so as to be suitable for the purpose required. Ensure that it can be properly maintained.', NULL, N'Negative', N'5343708d-eac8-4aaf-869d-5978ea1a0d99')
INSERT [dbo].[SafeCheckQuestionResponse] ([Id], [Title], [Comment], [Date], [ResponseType], [QuestionId]) VALUES (N'f7138364-b30a-4b21-b883-29e0d2e45b28', N'Not Applicable', N'', NULL, N'Neutral', N'141ce66a-6332-4c1c-abda-228b61a1b2bf')
INSERT [dbo].[SafeCheckQuestionResponse] ([Id], [Title], [Comment], [Date], [ResponseType], [QuestionId]) VALUES (N'34ad8012-d30c-4e9f-9c85-2ab9fa33bb2d', N'Unacceptable', N'Ensure there is an adequate management plan which includes arrangements for sampling water quality and the maintenance of pool plant.', NULL, N'Negative', N'bf7c6c52-f57c-4c10-8fe0-15e742e4aed3')
INSERT [dbo].[SafeCheckQuestionResponse] ([Id], [Title], [Comment], [Date], [ResponseType], [QuestionId]) VALUES (N'56f5f760-12ac-4cc3-8855-2abb35aeba26', N'Acceptable', N'Emergency lighting tested periodically.', NULL, N'Positive', N'adcbc7bf-4e33-42ea-aca3-f96388c77202')
INSERT [dbo].[SafeCheckQuestionResponse] ([Id], [Title], [Comment], [Date], [ResponseType], [QuestionId]) VALUES (N'452b1065-f90d-4407-834f-2c7048efe044', N'Not Applicable', N'', NULL, N'Neutral', N'107dc727-57c5-4a90-bfa3-1508db13735d')
INSERT [dbo].[SafeCheckQuestionResponse] ([Id], [Title], [Comment], [Date], [ResponseType], [QuestionId]) VALUES (N'22f44083-523a-455f-bac9-2d529aefd7c0', N'Unacceptable', N'Ensure that there are adequate arrangements to manage public safety to minimise the risk of persons being hit by golf balls and vehicles. ', NULL, N'Negative', N'739a8f75-4366-4eb9-bce7-5ece6fc24eb7')
INSERT [dbo].[SafeCheckQuestionResponse] ([Id], [Title], [Comment], [Date], [ResponseType], [QuestionId]) VALUES (N'c60e694e-b10b-4766-9a46-2e039c607f18', N'Not Applicable', N'', NULL, N'Neutral', N'e69f16bc-46fa-4866-b9b8-2a7cec1ddc25')
INSERT [dbo].[SafeCheckQuestionResponse] ([Id], [Title], [Comment], [Date], [ResponseType], [QuestionId]) VALUES (N'bb3843f4-b665-45b4-b763-2e2e61b2afb1', N'Unacceptable', N'Ensure there are adequate arrangements in place to periodically test water tanks and disinfect dead leg shower units.', NULL, N'Negative', N'5daf1954-cb43-4e2d-b19f-ffbf5e80ac40')
INSERT [dbo].[SafeCheckQuestionResponse] ([Id], [Title], [Comment], [Date], [ResponseType], [QuestionId]) VALUES (N'bb980058-a84d-484d-ae0a-2e438c42f5f5', N'Unacceptable', N'Carry out risk assessments for DSE users. Ensure that these are documented and any further control measures are implemented.  Risk assessments should be reviewed at least annually', NULL, N'Negative', N'0ccf8583-dd3b-4184-92a8-27a7e5e870c1')
INSERT [dbo].[SafeCheckQuestionResponse] ([Id], [Title], [Comment], [Date], [ResponseType], [QuestionId]) VALUES (N'e0da49d4-4722-458a-93a7-2e5cd54c5afe', N'Acceptable', N'Risk assessment carried out/reviewed within last twelve months.', NULL, N'Positive', N'b6619c8c-4b3d-4487-a747-2e2f238cd4cf')
INSERT [dbo].[SafeCheckQuestionResponse] ([Id], [Title], [Comment], [Date], [ResponseType], [QuestionId]) VALUES (N'3b522996-e7b4-4c48-9e39-2ee08c749778', N'Unacceptable', N'Ensure all glazing is of suitable safety glass and replace unsafe panes if necessary.', NULL, N'Negative', N'31b711bd-4576-42d1-86ac-ceb30c505cfe')
INSERT [dbo].[SafeCheckQuestionResponse] ([Id], [Title], [Comment], [Date], [ResponseType], [QuestionId]) VALUES (N'93c4438f-a917-4c8d-b1a6-2f107db8b192', N'Acceptable', N'Consultation  arrangements in place.', NULL, N'Positive', N'74f3d203-f8e4-4303-bba8-e0222aa9ee42')
INSERT [dbo].[SafeCheckQuestionResponse] ([Id], [Title], [Comment], [Date], [ResponseType], [QuestionId]) VALUES (N'da24b834-16dd-430d-b1f0-30d0e406f523', N'Unacceptable', N'Lock off procedures should be devised and adopted as necessary.', NULL, N'Negative', N'ad97cdf5-5a28-438e-adac-77c1b069d068')
INSERT [dbo].[SafeCheckQuestionResponse] ([Id], [Title], [Comment], [Date], [ResponseType], [QuestionId]) VALUES (N'495072ce-4791-4a49-aaeb-31b78dcb9808', N'Acceptable', N'Ventilation suitable.', NULL, N'Positive', N'1914753c-7c3a-4deb-adf1-fe4d18a4c567')
INSERT [dbo].[SafeCheckQuestionResponse] ([Id], [Title], [Comment], [Date], [ResponseType], [QuestionId]) VALUES (N'47ff7383-97ff-417b-a688-31bc38412a9b', N'Acceptable', N'Assessment carried out for the following topics:', NULL, N'Positive', N'966f77d8-d0c7-4100-a627-ade30db1c6d4')
INSERT [dbo].[SafeCheckQuestionResponse] ([Id], [Title], [Comment], [Date], [ResponseType], [QuestionId]) VALUES (N'c6c58d51-c788-4723-a8fd-31c715e27599', N'Not Applicable', N'', NULL, N'Neutral', N'8a55a24c-25b9-4c30-9304-6ceda51cc682')
INSERT [dbo].[SafeCheckQuestionResponse] ([Id], [Title], [Comment], [Date], [ResponseType], [QuestionId]) VALUES (N'441e83e9-142f-4ccb-96b8-32336754be07', N'Not Applicable', N'', NULL, N'Neutral', N'654db79f-93cf-4c52-b7c4-91f845f7f107')
INSERT [dbo].[SafeCheckQuestionResponse] ([Id], [Title], [Comment], [Date], [ResponseType], [QuestionId]) VALUES (N'95525322-7387-4954-aea2-346b49a2077d', N'Acceptable', N'Floors free from slip, trip and fall hazards.', NULL, N'Positive', N'49962659-cbf6-4420-9686-e85ed4b3d6e6')
INSERT [dbo].[SafeCheckQuestionResponse] ([Id], [Title], [Comment], [Date], [ResponseType], [QuestionId]) VALUES (N'35cc3b74-e4fd-49aa-875d-34f1b60f5c43', N'Acceptable', N'Policy in place and signed by senior management.', NULL, N'Positive', N'2c468068-1d84-454e-aeaf-1717bf58987c')
INSERT [dbo].[SafeCheckQuestionResponse] ([Id], [Title], [Comment], [Date], [ResponseType], [QuestionId]) VALUES (N'd3ff9589-5ca1-4487-9370-353abb0b997b', N'Unacceptable', N'All lifting equipment should be subject to Thorough Examination by a competent qualified person at the required frequency.', NULL, N'Negative', N'68a65301-7b8d-4443-9f10-2c4f44b16fae')
INSERT [dbo].[SafeCheckQuestionResponse] ([Id], [Title], [Comment], [Date], [ResponseType], [QuestionId]) VALUES (N'890386d6-8262-4ec7-9fa5-364a7a4c0b55', N'Acceptable', N'Steps and stairways suitable covered and identified.', NULL, N'Positive', N'fa7b1e60-744e-4a32-82d1-f390ae342a41')
INSERT [dbo].[SafeCheckQuestionResponse] ([Id], [Title], [Comment], [Date], [ResponseType], [QuestionId]) VALUES (N'2e37e7be-14c8-43ff-8899-37ee8673ad29', N'Acceptable', N'Risk assessment carried out/reviewed within last twelve months.', NULL, N'Positive', N'def1d135-a7e2-4ecf-8b37-8bfd92eb40eb')
INSERT [dbo].[SafeCheckQuestionResponse] ([Id], [Title], [Comment], [Date], [ResponseType], [QuestionId]) VALUES (N'70a0e42d-597a-460e-ab8f-3801f8e1e0c5', N'Unacceptable', N'Ensure the Local Exhaust Ventilation system is examined every fourteen months by a competent qualified person. ', NULL, N'Negative', N'430b8830-d95e-4e0f-8863-951fa1603f32')
INSERT [dbo].[SafeCheckQuestionResponse] ([Id], [Title], [Comment], [Date], [ResponseType], [QuestionId]) VALUES (N'0cc89fd3-21d7-496e-98bc-381572dcf97c', N'Acceptable', N'Temperature maintained at reasonable levels.', NULL, N'Positive', N'7d48b1b0-060d-4c1b-99c6-40e7782475a9')
INSERT [dbo].[SafeCheckQuestionResponse] ([Id], [Title], [Comment], [Date], [ResponseType], [QuestionId]) VALUES (N'657b0e08-0530-421e-ac90-385c25d69eb2', N'Unacceptable', N'Provide adequate welfare facilities including washing facilities, hot water and cold drinking water.', NULL, N'Negative', N'2bef26a3-dc2f-49ea-bf57-3529b20020c1')
INSERT [dbo].[SafeCheckQuestionResponse] ([Id], [Title], [Comment], [Date], [ResponseType], [QuestionId]) VALUES (N'766461a8-af93-44c5-a621-3879f6484ea6', N'Acceptable', N'Access equipment suitable and subject to checks and maintenance.', NULL, N'Positive', N'31f13782-9349-4877-a50f-7a71a0269d4e')
INSERT [dbo].[SafeCheckQuestionResponse] ([Id], [Title], [Comment], [Date], [ResponseType], [QuestionId]) VALUES (N'656c0d3a-13ee-43ba-aca3-3a241bd77b35', N'Not Applicable', N'', NULL, N'Neutral', N'430b8830-d95e-4e0f-8863-951fa1603f32')
INSERT [dbo].[SafeCheckQuestionResponse] ([Id], [Title], [Comment], [Date], [ResponseType], [QuestionId]) VALUES (N'052a6395-e9d5-4529-93d1-3a64619d34c3', N'Unacceptable', N'An asbestos survey should be carried out by a qualified competent person to establish if there is asbestos on the premises. ', NULL, N'Negative', N'707956bb-20e1-42ed-a3e5-f73635854baf')
INSERT [dbo].[SafeCheckQuestionResponse] ([Id], [Title], [Comment], [Date], [ResponseType], [QuestionId]) VALUES (N'732b8228-c1a3-40b9-8f44-3c5207dcf8ee', N'Not Applicable', N'', NULL, N'Neutral', N'0ccf8583-dd3b-4184-92a8-27a7e5e870c1')
INSERT [dbo].[SafeCheckQuestionResponse] ([Id], [Title], [Comment], [Date], [ResponseType], [QuestionId]) VALUES (N'f197c74e-bd4a-470f-8654-3e28b66ff22d', N'Acceptable', N'Work areas suitable.', NULL, N'Positive', N'107dc727-57c5-4a90-bfa3-1508db13735d')
INSERT [dbo].[SafeCheckQuestionResponse] ([Id], [Title], [Comment], [Date], [ResponseType], [QuestionId]) VALUES (N'f02e7d8e-9f33-4a8b-adfe-3fee7153d5a3', N'Acceptable', N'Adequate arrangements in place.', NULL, N'Positive', N'95bbf08c-f464-477d-b1b4-6d2552a0bf86')
INSERT [dbo].[SafeCheckQuestionResponse] ([Id], [Title], [Comment], [Date], [ResponseType], [QuestionId]) VALUES (N'ff5e4a77-1ab5-4490-9972-40a5d81d3ba7', N'Unacceptable', N'Ensure suitable safety precautions are in place for charging and re-charging of electric vehicles.', NULL, N'Negative', N'8a393a6d-82e5-46bc-ae40-efdbf9f38ef6')
INSERT [dbo].[SafeCheckQuestionResponse] ([Id], [Title], [Comment], [Date], [ResponseType], [QuestionId]) VALUES (N'fb671111-b273-4817-85ef-41c09951b5a1', N'Not Applicable', N'', NULL, N'Neutral', N'94ab1e50-70ce-40f7-96c3-8eea69dd8e20')
INSERT [dbo].[SafeCheckQuestionResponse] ([Id], [Title], [Comment], [Date], [ResponseType], [QuestionId]) VALUES (N'06aa96c7-fd06-47d6-a64e-430bf0ce96f9', N'Not Applicable', N'', NULL, N'Neutral', N'ad2d47cd-adf7-4d55-8bea-19b09356bb42')
INSERT [dbo].[SafeCheckQuestionResponse] ([Id], [Title], [Comment], [Date], [ResponseType], [QuestionId]) VALUES (N'0cb86b25-7b73-43ea-8ced-434b3869c87f', N'Acceptable', N'Air conditioning units examined within the last twelve months by a competent qualified person. ', NULL, N'Positive', N'f3bbaa15-c0c8-437c-920d-1fe2c856819d')
INSERT [dbo].[SafeCheckQuestionResponse] ([Id], [Title], [Comment], [Date], [ResponseType], [QuestionId]) VALUES (N'1db7665a-ec0e-4dfe-a84f-45e185bc80ef', N'Unacceptable', N'Ensure that all flooring is of suitable material, level and non-slippery with no obvious defects.', NULL, N'Negative', N'f8fc56c3-9ece-455a-8e5b-b6cb6870d034')
INSERT [dbo].[SafeCheckQuestionResponse] ([Id], [Title], [Comment], [Date], [ResponseType], [QuestionId]) VALUES (N'1d1c0545-c6a1-4733-83a4-463043adf457', N'Not Applicable', N'', NULL, N'Neutral', N'2d908b28-face-43ca-921b-3a8a99b01f79')
INSERT [dbo].[SafeCheckQuestionResponse] ([Id], [Title], [Comment], [Date], [ResponseType], [QuestionId]) VALUES (N'c1cbc018-af4e-4e6a-abde-47b00679549f', N'Acceptable', N'Work equipment suitable and properly maintained.', NULL, N'Positive', N'5343708d-eac8-4aaf-869d-5978ea1a0d99')
INSERT [dbo].[SafeCheckQuestionResponse] ([Id], [Title], [Comment], [Date], [ResponseType], [QuestionId]) VALUES (N'ad4e5546-bd52-4bbd-8d98-47cb5edcd00c', N'Not Applicable', N'', NULL, N'Neutral', N'0d079039-6fb1-4015-b2a3-42310ba8eb26')
INSERT [dbo].[SafeCheckQuestionResponse] ([Id], [Title], [Comment], [Date], [ResponseType], [QuestionId]) VALUES (N'e473b7ec-4512-4ef4-ada8-48bffaf48bd0', N'Acceptable', N'Portable electrical equipment is maintained in a safe and suitable condition.', NULL, N'Positive', N'344a9d4c-694a-4fc8-b5cc-75c5b05b7cf1')
INSERT [dbo].[SafeCheckQuestionResponse] ([Id], [Title], [Comment], [Date], [ResponseType], [QuestionId]) VALUES (N'b9c9f3db-6a05-4400-b6c4-48ee7c0462e7', N'Acceptable', N'Mezzanine floors suitable for intended use.', NULL, N'Positive', N'49610d2a-b473-444d-970d-aa0336b5eac3')
INSERT [dbo].[SafeCheckQuestionResponse] ([Id], [Title], [Comment], [Date], [ResponseType], [QuestionId]) VALUES (N'082718f3-12d9-47fe-893f-490d2c682a19', N'Unacceptable', N'A current copy of the Employers Liability Certificate should be available and displayed in a suitable location. ', NULL, N'Negative', N'f532c2fa-83f4-49eb-93c6-d990c8cdf77f')
INSERT [dbo].[SafeCheckQuestionResponse] ([Id], [Title], [Comment], [Date], [ResponseType], [QuestionId]) VALUES (N'568b3a55-43b5-4dab-ac47-49113a9df4d5', N'Not Applicable', N'', NULL, N'Neutral', N'afbfb950-2a0e-40f5-9f7a-e1516536da43')
INSERT [dbo].[SafeCheckQuestionResponse] ([Id], [Title], [Comment], [Date], [ResponseType], [QuestionId]) VALUES (N'c0e53a0e-e033-434e-952f-4a113610e80c', N'Not Applicable', N'', NULL, N'Neutral', N'caa26613-3ba2-4820-bc99-160e8f53d1cf')
INSERT [dbo].[SafeCheckQuestionResponse] ([Id], [Title], [Comment], [Date], [ResponseType], [QuestionId]) VALUES (N'32108b25-df13-4e3b-8669-4a77094f7c75', N'Unacceptable', N'Ensure adequate first aid kits are available and stocked correctly and ensure there are trained first aid personnel available at all times.', NULL, N'Negative', N'd8273f7e-f4ba-4165-a903-708754ef640a')
INSERT [dbo].[SafeCheckQuestionResponse] ([Id], [Title], [Comment], [Date], [ResponseType], [QuestionId]) VALUES (N'bd1f4b75-9ac4-479e-9b02-4c16219310c8', N'Not Applicable', N'', NULL, N'Neutral', N'b5449e10-4b20-462b-89ca-8dcd1b973df4')
INSERT [dbo].[SafeCheckQuestionResponse] ([Id], [Title], [Comment], [Date], [ResponseType], [QuestionId]) VALUES (N'650e3e38-010f-421a-864f-4c5ecacb83b2', N'Acceptable', N'Suitable control measures in place.', NULL, N'Positive', N'afbfb950-2a0e-40f5-9f7a-e1516536da43')
INSERT [dbo].[SafeCheckQuestionResponse] ([Id], [Title], [Comment], [Date], [ResponseType], [QuestionId]) VALUES (N'9c393c80-0240-4d47-8fca-4e13b4ac6eae', N'Unacceptable', N'Ensure suitable procedures are in place to safely carry out activities.', NULL, N'Negative', N'59cf8d10-3eed-460c-986e-e2d974949480')
INSERT [dbo].[SafeCheckQuestionResponse] ([Id], [Title], [Comment], [Date], [ResponseType], [QuestionId]) VALUES (N'cb631116-d716-4223-b86a-4e4cea487cf8', N'Acceptable', N'External areas suitably maintained.', NULL, N'Positive', N'ef6388d9-f9d9-4258-a1c8-ee6e757c3ec3')
GO
print 'Processed 100 total records'
INSERT [dbo].[SafeCheckQuestionResponse] ([Id], [Title], [Comment], [Date], [ResponseType], [QuestionId]) VALUES (N'b158c7c6-2027-44fb-bda2-4ee2c2f373c1', N'Acceptable', N'Industrial racking periodically thoroughly examined by a qualified competent person. ', NULL, N'Positive', N'e7c3f463-47ed-43a4-8512-79c88a1d18fe')
INSERT [dbo].[SafeCheckQuestionResponse] ([Id], [Title], [Comment], [Date], [ResponseType], [QuestionId]) VALUES (N'26925293-ee18-418d-84a8-4f1926aafd94', N'Not Applicable', N'', NULL, N'Neutral', N'fa7b1e60-744e-4a32-82d1-f390ae342a41')
INSERT [dbo].[SafeCheckQuestionResponse] ([Id], [Title], [Comment], [Date], [ResponseType], [QuestionId]) VALUES (N'265c9f8f-5a0c-47c1-8079-500373f827bc', N'Unacceptable', N'Display suitable fire exit signage at each fire exit point.', NULL, N'Negative', N'3986b600-f06b-4d35-a174-36b331f11f3a')
INSERT [dbo].[SafeCheckQuestionResponse] ([Id], [Title], [Comment], [Date], [ResponseType], [QuestionId]) VALUES (N'bdfe0b1e-d3fa-4079-909e-501eb3a63feb', N'Unacceptable', N'Ensure adequate ventilation to machinery is suitable and maintained.', NULL, N'Negative', N'bd2979ee-ec03-4514-923b-0d0a26f0a2c7')
INSERT [dbo].[SafeCheckQuestionResponse] ([Id], [Title], [Comment], [Date], [ResponseType], [QuestionId]) VALUES (N'3afcf1fe-06e8-4cf3-8df3-50831fcca78a', N'Not Applicable', N'', NULL, N'Neutral', N'aadbc5a9-2685-4322-bf76-70fdddc71536')
INSERT [dbo].[SafeCheckQuestionResponse] ([Id], [Title], [Comment], [Date], [ResponseType], [QuestionId]) VALUES (N'42dc16e2-29a8-4a53-a86a-50ce42640b1a', N'Unacceptable', N'Carry out risk assessments for the significant hazards posed by the general operations of the business. Ensure that these are documented and any further control measures are implemented.  Risk assessments should be reviewed at least annually.', NULL, N'Negative', N'966f77d8-d0c7-4100-a627-ade30db1c6d4')
INSERT [dbo].[SafeCheckQuestionResponse] ([Id], [Title], [Comment], [Date], [ResponseType], [QuestionId]) VALUES (N'39a0f2b5-ace0-4380-81f3-524084a0a241', N'Unacceptable', N'Ensure there is suitable ventilation available. Investigate the potential of installing air conditioning if necessary.', NULL, N'Negative', N'1914753c-7c3a-4deb-adf1-fe4d18a4c567')
INSERT [dbo].[SafeCheckQuestionResponse] ([Id], [Title], [Comment], [Date], [ResponseType], [QuestionId]) VALUES (N'fee135f3-66db-475e-8c76-55912447fa42', N'Not Applicable', N'', NULL, N'Neutral', N'06ed1563-ac53-4189-8336-b357b2c18247')
INSERT [dbo].[SafeCheckQuestionResponse] ([Id], [Title], [Comment], [Date], [ResponseType], [QuestionId]) VALUES (N'efb7ded9-9d06-4243-b2d5-55f14c34d059', N'Acceptable', N'Housekeeping to a good standard.', NULL, N'Positive', N'654db79f-93cf-4c52-b7c4-91f845f7f107')
INSERT [dbo].[SafeCheckQuestionResponse] ([Id], [Title], [Comment], [Date], [ResponseType], [QuestionId]) VALUES (N'988cea54-233a-46d6-9354-55fa97ea7d2c', N'Not Applicable', N'', NULL, N'Neutral', N'2c468068-1d84-454e-aeaf-1717bf58987c')
INSERT [dbo].[SafeCheckQuestionResponse] ([Id], [Title], [Comment], [Date], [ResponseType], [QuestionId]) VALUES (N'9d6043ac-b9f3-4f36-be13-5623f0fcd831', N'Unacceptable', N'Documentation should be requested from contractors prior to employing them. Documentation should include copies of risk assessments, method statements, insurance policies, health and safety policies, CVs of personnel, as a minimum.', NULL, N'Negative', N'2d908b28-face-43ca-921b-3a8a99b01f79')
INSERT [dbo].[SafeCheckQuestionResponse] ([Id], [Title], [Comment], [Date], [ResponseType], [QuestionId]) VALUES (N'66f4ee4e-54c7-4b03-b78f-564aa6ab8b75', N'Unacceptable', N'Ensure there are adequate levels of lighting for employees to safely perform their job roles.', NULL, N'Negative', N'e00f20a7-2e56-4ae4-b0ee-944e82554f3c')
INSERT [dbo].[SafeCheckQuestionResponse] ([Id], [Title], [Comment], [Date], [ResponseType], [QuestionId]) VALUES (N'04b2c2df-79c5-4ea6-a25a-5662a2bbf1f3', N'Unacceptable', N'Ensure a risk assessment has been carried out and any further control measures required are put in place.', NULL, N'Negative', N'b795eabd-08bd-44af-934e-452dcda0d28e')
INSERT [dbo].[SafeCheckQuestionResponse] ([Id], [Title], [Comment], [Date], [ResponseType], [QuestionId]) VALUES (N'20c390c4-7d8a-4060-8cfa-5764d5a90a7e', N'Not Applicable', N'', NULL, N'Neutral', N'966f77d8-d0c7-4100-a627-ade30db1c6d4')
INSERT [dbo].[SafeCheckQuestionResponse] ([Id], [Title], [Comment], [Date], [ResponseType], [QuestionId]) VALUES (N'df45b574-d2f4-46dd-86b9-5a283a5afb4c', N'Acceptable', N'Rest rooms limited to employees only.', NULL, N'Positive', N'63791aa2-734e-420b-81cb-d860d469da93')
INSERT [dbo].[SafeCheckQuestionResponse] ([Id], [Title], [Comment], [Date], [ResponseType], [QuestionId]) VALUES (N'd0fec5d4-29b8-4702-b657-5a4c77b8416a', N'Not Applicable', N'', NULL, N'Neutral', N'5baa00fe-ee37-40d4-a753-9abfafe3311f')
INSERT [dbo].[SafeCheckQuestionResponse] ([Id], [Title], [Comment], [Date], [ResponseType], [QuestionId]) VALUES (N'c9769d61-2158-4841-b94d-5a78be53f00e', N'Acceptable', N'Adequate arrangements in place.', NULL, N'Positive', N'aadbc5a9-2685-4322-bf76-70fdddc71536')
INSERT [dbo].[SafeCheckQuestionResponse] ([Id], [Title], [Comment], [Date], [ResponseType], [QuestionId]) VALUES (N'87c52868-11ce-46a7-8fe6-5a80f60d178e', N'Unacceptable', N'Industrial racking should be periodically thoroughly examined by a qualified competent person. ', NULL, N'Negative', N'e7c3f463-47ed-43a4-8512-79c88a1d18fe')
INSERT [dbo].[SafeCheckQuestionResponse] ([Id], [Title], [Comment], [Date], [ResponseType], [QuestionId]) VALUES (N'888a0a84-0e90-4b2f-9280-5c10adc1746b', N'Unacceptable', N'Ensure that air conditioning units are serviced  at least annually.  ', NULL, N'Negative', N'f3bbaa15-c0c8-437c-920d-1fe2c856819d')
INSERT [dbo].[SafeCheckQuestionResponse] ([Id], [Title], [Comment], [Date], [ResponseType], [QuestionId]) VALUES (N'1f6cab43-3052-470e-ad78-5ed8b63beabd', N'Not Applicable', N'', NULL, N'Neutral', N'fdac29e4-6671-49df-9468-abf66c947ce2')
INSERT [dbo].[SafeCheckQuestionResponse] ([Id], [Title], [Comment], [Date], [ResponseType], [QuestionId]) VALUES (N'aefed2e5-e6b7-44a2-9bf5-5ee6330ab727', N'Acceptable', N'Risk assessment and safe working procedures adopted.', NULL, N'Positive', N'42740025-ab43-4371-b99d-2b7c6848cfbb')
INSERT [dbo].[SafeCheckQuestionResponse] ([Id], [Title], [Comment], [Date], [ResponseType], [QuestionId]) VALUES (N'81ea8afa-881f-4aa7-95b4-607fff14b9c0', N'Acceptable', N'Thorough Examination carried out within the last twelve months.', NULL, N'Positive', N'425b8f10-acf6-4177-bdc3-d2a03383398a')
INSERT [dbo].[SafeCheckQuestionResponse] ([Id], [Title], [Comment], [Date], [ResponseType], [QuestionId]) VALUES (N'2b8c3c62-c81e-4f48-84d4-60c13b713ec1', N'Not Applicable', N'', NULL, N'Neutral', N'db37c7ec-0749-4912-a194-ae568524cdcb')
INSERT [dbo].[SafeCheckQuestionResponse] ([Id], [Title], [Comment], [Date], [ResponseType], [QuestionId]) VALUES (N'a6a01a50-e48a-4667-b7a3-60e3c8927aba', N'Unacceptable', N'Ensure hot work is subject to adequate control measures. ', NULL, N'Negative', N'afbfb950-2a0e-40f5-9f7a-e1516536da43')
INSERT [dbo].[SafeCheckQuestionResponse] ([Id], [Title], [Comment], [Date], [ResponseType], [QuestionId]) VALUES (N'c03fb97e-829f-48b0-8158-612931755e32', N'Acceptable', N'Poster displayed in suitable location.', NULL, N'Positive', N'11924189-627a-444d-84e5-a9376b807f3a')
INSERT [dbo].[SafeCheckQuestionResponse] ([Id], [Title], [Comment], [Date], [ResponseType], [QuestionId]) VALUES (N'49658d02-f8de-462a-9295-618c6912a453', N'Not Applicable', N'', NULL, N'Neutral', N'31f13782-9349-4877-a50f-7a71a0269d4e')
INSERT [dbo].[SafeCheckQuestionResponse] ([Id], [Title], [Comment], [Date], [ResponseType], [QuestionId]) VALUES (N'd76a11c0-598d-44a8-b0e3-62ed2149737d', N'Not Applicable', N'', NULL, N'Neutral', N'00479291-e1aa-403a-b9b4-401c817b7e5f')
INSERT [dbo].[SafeCheckQuestionResponse] ([Id], [Title], [Comment], [Date], [ResponseType], [QuestionId]) VALUES (N'dd6df4ba-6e70-474e-9fbc-63eb835e5619', N'Not Applicable', N'', NULL, N'Neutral', N'59cf8d10-3eed-460c-986e-e2d974949480')
INSERT [dbo].[SafeCheckQuestionResponse] ([Id], [Title], [Comment], [Date], [ResponseType], [QuestionId]) VALUES (N'46b98d9f-477e-4abc-8136-654357cbb58e', N'Acceptable', N'Safety precautions in place.', NULL, N'Positive', N'8a393a6d-82e5-46bc-ae40-efdbf9f38ef6')
INSERT [dbo].[SafeCheckQuestionResponse] ([Id], [Title], [Comment], [Date], [ResponseType], [QuestionId]) VALUES (N'1f2eb39c-6aff-4ba7-8a9d-65a1ef841666', N'Unacceptable', N'Ensure that procedures are in place to manage the disposal of medical waste and sharps. Consider the use of sharp bins/boxes and the frequency that these are emptied. Consider the procedures to take in the event of a puncture incident. ', NULL, N'Negative', N'e72b5ec9-6a2d-401a-8dcb-f60d69eb8eb3')
INSERT [dbo].[SafeCheckQuestionResponse] ([Id], [Title], [Comment], [Date], [ResponseType], [QuestionId]) VALUES (N'c2875704-3da8-4c19-b730-660406fc41bc', N'Acceptable', N'Areas maintained in a suitable condition.', NULL, N'Positive', N'5c908fef-bd25-4555-88ee-358844d3a645')
INSERT [dbo].[SafeCheckQuestionResponse] ([Id], [Title], [Comment], [Date], [ResponseType], [QuestionId]) VALUES (N'a08e45b2-73cd-4c3a-a224-6706ca51ccc4', N'Not Applicable', N'', NULL, N'Neutral', N'146ee765-5173-467c-a8a5-302e1078f47c')
INSERT [dbo].[SafeCheckQuestionResponse] ([Id], [Title], [Comment], [Date], [ResponseType], [QuestionId]) VALUES (N'e46bc089-4ab0-47a4-aebd-67b30e1abc7b', N'Acceptable', N'Employees suitably trained.', NULL, N'Positive', N'0d079039-6fb1-4015-b2a3-42310ba8eb26')
INSERT [dbo].[SafeCheckQuestionResponse] ([Id], [Title], [Comment], [Date], [ResponseType], [QuestionId]) VALUES (N'3af4e073-067e-4ed0-80b4-6829982a7011', N'Unacceptable', N'Ensure that only staff have access to staff rest rooms. Consider the use of keypads to ensure that unauthorised personnel cannot access these parts.', NULL, N'Negative', N'63791aa2-734e-420b-81cb-d860d469da93')
INSERT [dbo].[SafeCheckQuestionResponse] ([Id], [Title], [Comment], [Date], [ResponseType], [QuestionId]) VALUES (N'df3a6e32-fea0-4656-aa29-689f23ff0b74', N'Unacceptable', N'Ensure there is adequate workspace for employees to carry out their job roles. ', NULL, N'Negative', N'95c9cb23-4e47-4f23-94c7-80c6a654c6d4')
INSERT [dbo].[SafeCheckQuestionResponse] ([Id], [Title], [Comment], [Date], [ResponseType], [QuestionId]) VALUES (N'd067ab85-8bfc-4233-8529-698271cee5d3', N'Acceptable', N'Glazing suitable. ', NULL, N'Positive', N'31b711bd-4576-42d1-86ac-ceb30c505cfe')
INSERT [dbo].[SafeCheckQuestionResponse] ([Id], [Title], [Comment], [Date], [ResponseType], [QuestionId]) VALUES (N'942cb283-fcc8-43f4-9c7e-6a18c140d474', N'Unacceptable', N'Ensure that all fork lift truck activities are subject to a risk assessment and any further control measures required are implemented. Ensure only trained and authorised employees operate fork lift trucks.', NULL, N'Negative', N'def1d135-a7e2-4ecf-8b37-8bfd92eb40eb')
INSERT [dbo].[SafeCheckQuestionResponse] ([Id], [Title], [Comment], [Date], [ResponseType], [QuestionId]) VALUES (N'fe0a7e72-ece2-4ad4-9565-6afe94ecf0a6', N'Not Applicable', N'', NULL, N'Neutral', N'b6619c8c-4b3d-4487-a747-2e2f238cd4cf')
INSERT [dbo].[SafeCheckQuestionResponse] ([Id], [Title], [Comment], [Date], [ResponseType], [QuestionId]) VALUES (N'47b67a37-60e7-42d4-9b0f-6b239725a45d', N'Unacceptable', N'Visually inspect walkways on a regular basis to ensure they are free from slip, trip and fall hazards.', NULL, N'Negative', N'49962659-cbf6-4420-9686-e85ed4b3d6e6')
INSERT [dbo].[SafeCheckQuestionResponse] ([Id], [Title], [Comment], [Date], [ResponseType], [QuestionId]) VALUES (N'0661e196-6339-40a8-b251-6c08be6a4832', N'Unacceptable', N'Implement suitable spillage procedures to ensure spillages are dealt with as soon as practical. Ensure appropriate equipment is available for dealing with spillages.', NULL, N'Negative', N'154f4ceb-f88e-4718-b20c-55ebddd6d56d')
INSERT [dbo].[SafeCheckQuestionResponse] ([Id], [Title], [Comment], [Date], [ResponseType], [QuestionId]) VALUES (N'327ac8bd-c754-4807-bdd7-6c18ef848708', N'Not Applicable', N'', NULL, N'Neutral', N'f2600c1f-b0ae-49f7-9bd0-b1a8b3ab9277')
INSERT [dbo].[SafeCheckQuestionResponse] ([Id], [Title], [Comment], [Date], [ResponseType], [QuestionId]) VALUES (N'd425b98d-7589-4a48-af32-6c1f78589a03', N'Acceptable', N'Suitable positioning of goods/articles.', NULL, N'Positive', N'1ea8c779-c3ef-48a7-8a17-1bdaec49fbf6')
INSERT [dbo].[SafeCheckQuestionResponse] ([Id], [Title], [Comment], [Date], [ResponseType], [QuestionId]) VALUES (N'6150fa50-bf1b-44ba-8286-6d64510c71bc', N'Not Applicable', N'', NULL, N'Neutral', N'7d48b1b0-060d-4c1b-99c6-40e7782475a9')
INSERT [dbo].[SafeCheckQuestionResponse] ([Id], [Title], [Comment], [Date], [ResponseType], [QuestionId]) VALUES (N'8b065741-68a8-4add-841c-6e115fd95906', N'Acceptable', N'Periodic examination taken place within last twelve months.', NULL, N'Positive', N'88110872-579b-415c-a5a2-fa7dc90f2438')
INSERT [dbo].[SafeCheckQuestionResponse] ([Id], [Title], [Comment], [Date], [ResponseType], [QuestionId]) VALUES (N'c6d97fc0-7d66-4934-b15e-6e9f99caea8e', N'Unacceptable', N'A documented hazard reporting system should be implemented to demonstrate that hazards are being identified and corrective actions put in place where appropriate.', NULL, N'Negative', N'5140c0f3-b5d9-415e-b910-32c7093a96e7')
INSERT [dbo].[SafeCheckQuestionResponse] ([Id], [Title], [Comment], [Date], [ResponseType], [QuestionId]) VALUES (N'96b4975e-6952-4b2e-83cb-70bab50871b6', N'Acceptable', N'Permit to work system in place.', NULL, N'Positive', N'7b23aa12-d1c7-4d9d-b1fc-cd70079ed0fa')
INSERT [dbo].[SafeCheckQuestionResponse] ([Id], [Title], [Comment], [Date], [ResponseType], [QuestionId]) VALUES (N'369954ce-dd9a-4258-aff7-70ccf95fdff4', N'Not Applicable', N'', NULL, N'Neutral', N'd8273f7e-f4ba-4165-a903-708754ef640a')
INSERT [dbo].[SafeCheckQuestionResponse] ([Id], [Title], [Comment], [Date], [ResponseType], [QuestionId]) VALUES (N'9d37fa55-2295-40cc-9dbe-7157216ec690', N'Unacceptable', N'Ensure that a risk assessment has been carried out for this activity and safe systems of work produced and implemented.', NULL, N'Negative', N'8490b00f-745a-4be8-9e81-b93683c2e8eb')
INSERT [dbo].[SafeCheckQuestionResponse] ([Id], [Title], [Comment], [Date], [ResponseType], [QuestionId]) VALUES (N'5f340521-a84b-4197-985d-72aba4883c7a', N'Unacceptable', N'Ensure that restricted devices are fitted to windows where there is a risk of falling. Ensure that these devices allow the window to be set in a locked position. Ensure that the devices are maintained and tested periodically.', NULL, N'Negative', N'db37c7ec-0749-4912-a194-ae568524cdcb')
INSERT [dbo].[SafeCheckQuestionResponse] ([Id], [Title], [Comment], [Date], [ResponseType], [QuestionId]) VALUES (N'80225f56-c704-4bba-86b1-72c276e28515', N'Unacceptable', N'Ensure that procedures are in place to monitor the hot water outlet temperatures.', NULL, N'Negative', N'06ed1563-ac53-4189-8336-b357b2c18247')
INSERT [dbo].[SafeCheckQuestionResponse] ([Id], [Title], [Comment], [Date], [ResponseType], [QuestionId]) VALUES (N'db0b3bbc-c3a6-4053-b01d-72d84948e26b', N'Acceptable', N'Thorough Examination carried out within the last six months.', NULL, N'Positive', N'e69f16bc-46fa-4866-b9b8-2a7cec1ddc25')
INSERT [dbo].[SafeCheckQuestionResponse] ([Id], [Title], [Comment], [Date], [ResponseType], [QuestionId]) VALUES (N'a74268ae-c006-471a-86c0-73ec297b3fce', N'Acceptable', N'Driver mileage logs completed by drivers.', NULL, N'Positive', N'1b972401-91d4-4070-9fca-0a4219c65e2f')
INSERT [dbo].[SafeCheckQuestionResponse] ([Id], [Title], [Comment], [Date], [ResponseType], [QuestionId]) VALUES (N'29cb1fff-67cf-479c-b77b-741fbfc9651f', N'Not Applicable', N'', NULL, N'Neutral', N'e00f20a7-2e56-4ae4-b0ee-944e82554f3c')
INSERT [dbo].[SafeCheckQuestionResponse] ([Id], [Title], [Comment], [Date], [ResponseType], [QuestionId]) VALUES (N'0ff9a0e6-67db-47aa-9796-75246d1da856', N'Unacceptable', N'Carry out a risk assessment which considers segregating pedestrians from transport to ensure that pedestrians are not at risk of collision. ', NULL, N'Negative', N'146ee765-5173-467c-a8a5-302e1078f47c')
INSERT [dbo].[SafeCheckQuestionResponse] ([Id], [Title], [Comment], [Date], [ResponseType], [QuestionId]) VALUES (N'6abcfa3f-c223-4bf0-95b0-7736aa91f1c9', N'Acceptable', N'Premises Fire Risk Assessment carried out/reviewed within last twelve months.', NULL, N'Positive', N'8a55a24c-25b9-4c30-9304-6ceda51cc682')
INSERT [dbo].[SafeCheckQuestionResponse] ([Id], [Title], [Comment], [Date], [ResponseType], [QuestionId]) VALUES (N'415cac31-a47a-4227-baa5-7f0a810d95f5', N'Not Applicable', N'', NULL, N'Neutral', N'3f827cfa-78f8-4cff-ae4b-da84325a475d')
INSERT [dbo].[SafeCheckQuestionResponse] ([Id], [Title], [Comment], [Date], [ResponseType], [QuestionId]) VALUES (N'd6a54734-cdde-4357-a1fb-7f1092f4f72e', N'Not Applicable', N'', NULL, N'Neutral', N'f8fc56c3-9ece-455a-8e5b-b6cb6870d034')
INSERT [dbo].[SafeCheckQuestionResponse] ([Id], [Title], [Comment], [Date], [ResponseType], [QuestionId]) VALUES (N'5e7e07c5-990d-40b0-a877-80d5b4027b12', N'Unacceptable', N'Put a permit to work system in place to ensure further controls are applied to significantly hazardous processes. Check to ensure that the system is working effectively.', NULL, N'Negative', N'7b23aa12-d1c7-4d9d-b1fc-cd70079ed0fa')
INSERT [dbo].[SafeCheckQuestionResponse] ([Id], [Title], [Comment], [Date], [ResponseType], [QuestionId]) VALUES (N'6bdf00cd-a239-4670-933e-80dbe738c4d3', N'Acceptable', N'Machinery ventilation suitable and maintained.', NULL, N'Positive', N'bd2979ee-ec03-4514-923b-0d0a26f0a2c7')
INSERT [dbo].[SafeCheckQuestionResponse] ([Id], [Title], [Comment], [Date], [ResponseType], [QuestionId]) VALUES (N'08f220de-4470-45ff-bc7e-80e401b230ff', N'Unacceptable', N'Carry out a noise risk assessment and ensure suitable control measures in place as required.', NULL, N'Negative', N'141ce66a-6332-4c1c-abda-228b61a1b2bf')
INSERT [dbo].[SafeCheckQuestionResponse] ([Id], [Title], [Comment], [Date], [ResponseType], [QuestionId]) VALUES (N'5d8dc0db-dcde-4181-920b-8152bdde1835', N'Unacceptable', N'Ensure that the layout of the premises is suitable with adequate spacing between aisles/displays.', NULL, N'Negative', N'1ea8c779-c3ef-48a7-8a17-1bdaec49fbf6')
INSERT [dbo].[SafeCheckQuestionResponse] ([Id], [Title], [Comment], [Date], [ResponseType], [QuestionId]) VALUES (N'3c91d121-c021-4fef-af13-831884c76598', N'Acceptable', N'Abrasive wheels maintained.', NULL, N'Positive', N'a224977d-6950-4db6-bd8f-cd7dbeb46223')
INSERT [dbo].[SafeCheckQuestionResponse] ([Id], [Title], [Comment], [Date], [ResponseType], [QuestionId]) VALUES (N'5aeddef3-bc0e-4da9-825a-83387c1836e4', N'Not Applicable', N'', NULL, N'Neutral', N'5140c0f3-b5d9-415e-b910-32c7093a96e7')
INSERT [dbo].[SafeCheckQuestionResponse] ([Id], [Title], [Comment], [Date], [ResponseType], [QuestionId]) VALUES (N'91c42036-2cb1-452b-8126-84a6dca885da', N'Unacceptable', N'Ensure all machinery with moving parts have sufficient guarding in place. ', NULL, N'Negative', N'00479291-e1aa-403a-b9b4-401c817b7e5f')
INSERT [dbo].[SafeCheckQuestionResponse] ([Id], [Title], [Comment], [Date], [ResponseType], [QuestionId]) VALUES (N'd5bf430a-65d5-48a1-b249-84b703285701', N'Unacceptable', N'Abrasive wheels should be sited appropriately and maintained in a safe condition by trained and competent persons.', NULL, N'Negative', N'a224977d-6950-4db6-bd8f-cd7dbeb46223')
INSERT [dbo].[SafeCheckQuestionResponse] ([Id], [Title], [Comment], [Date], [ResponseType], [QuestionId]) VALUES (N'5ae6aad7-28bf-476c-b73f-84dacf4a9293', N'Unacceptable', N'Vehicle beacons and sounders should be tested periodically and maintained in good working order.', NULL, N'Negative', N'bff13840-0d21-4958-ba3c-8abacdb26faf')
INSERT [dbo].[SafeCheckQuestionResponse] ([Id], [Title], [Comment], [Date], [ResponseType], [QuestionId]) VALUES (N'55b6eeaf-dfec-4249-b642-8634ebea5827', N'Acceptable', N'Personal Emergency Evacuation Plans in place.', NULL, N'Positive', N'90cf8c4a-d2d1-4007-befd-34cfccc4bde7')
INSERT [dbo].[SafeCheckQuestionResponse] ([Id], [Title], [Comment], [Date], [ResponseType], [QuestionId]) VALUES (N'865c1344-24c4-4167-80c9-8a58b9c98abd', N'Not Applicable', N'', NULL, N'Neutral', N'154f4ceb-f88e-4718-b20c-55ebddd6d56d')
INSERT [dbo].[SafeCheckQuestionResponse] ([Id], [Title], [Comment], [Date], [ResponseType], [QuestionId]) VALUES (N'046a47ab-9159-4d87-b456-8aa7ff1cb335', N'Acceptable', N'Risk assessment carried out/reviewed within last twelve months.', NULL, N'Positive', N'eee0631c-32e0-4044-9a41-aea2471ebe3f')
INSERT [dbo].[SafeCheckQuestionResponse] ([Id], [Title], [Comment], [Date], [ResponseType], [QuestionId]) VALUES (N'bce836c4-f8ad-4800-9b1f-8c3a4c8a4c5c', N'Acceptable', N'Appropriate segregation in place.', NULL, N'Positive', N'146ee765-5173-467c-a8a5-302e1078f47c')
INSERT [dbo].[SafeCheckQuestionResponse] ([Id], [Title], [Comment], [Date], [ResponseType], [QuestionId]) VALUES (N'12c2510f-bfe5-460e-bd20-8d5f9dea0142', N'Not Applicable', N'', NULL, N'Neutral', N'e72b5ec9-6a2d-401a-8dcb-f60d69eb8eb3')
INSERT [dbo].[SafeCheckQuestionResponse] ([Id], [Title], [Comment], [Date], [ResponseType], [QuestionId]) VALUES (N'38f527ac-3338-4905-9a74-8e4a12723ebf', N'Not Applicable', N'', NULL, N'Neutral', N'95c9cb23-4e47-4f23-94c7-80c6a654c6d4')
INSERT [dbo].[SafeCheckQuestionResponse] ([Id], [Title], [Comment], [Date], [ResponseType], [QuestionId]) VALUES (N'95f38a65-00e1-4cb1-9bb9-8e8f849b0ddc', N'Not Applicable', N'', NULL, N'Neutral', N'ef6388d9-f9d9-4258-a1c8-ee6e757c3ec3')
INSERT [dbo].[SafeCheckQuestionResponse] ([Id], [Title], [Comment], [Date], [ResponseType], [QuestionId]) VALUES (N'c6918d3a-6cb6-4205-9457-8f8456bb0195', N'Not Applicable', N'', NULL, N'Neutral', N'1ea8c779-c3ef-48a7-8a17-1bdaec49fbf6')
INSERT [dbo].[SafeCheckQuestionResponse] ([Id], [Title], [Comment], [Date], [ResponseType], [QuestionId]) VALUES (N'a4bd4718-a761-43ef-bad5-8fa5037acd08', N'Acceptable', N'Suitable management plan in place.', NULL, N'Positive', N'cab9dd56-cec8-4208-a052-e64e8d8c1133')
INSERT [dbo].[SafeCheckQuestionResponse] ([Id], [Title], [Comment], [Date], [ResponseType], [QuestionId]) VALUES (N'88ee4e2f-c25b-41a0-9253-8fe5342902b4', N'Not Applicable', N'', NULL, N'Neutral', N'67fd48b1-c6ab-4eef-a7ad-eb73e39703be')
INSERT [dbo].[SafeCheckQuestionResponse] ([Id], [Title], [Comment], [Date], [ResponseType], [QuestionId]) VALUES (N'6453b940-7d25-4c20-a49c-9152024499b5', N'Not Applicable', N'', NULL, N'Neutral', N'cab9dd56-cec8-4208-a052-e64e8d8c1133')
INSERT [dbo].[SafeCheckQuestionResponse] ([Id], [Title], [Comment], [Date], [ResponseType], [QuestionId]) VALUES (N'7a908dd0-5deb-48ae-833c-932f93d11347', N'Unacceptable', N'Ensure that temperatures are maintained at reasonable levels. ', NULL, N'Negative', N'7d48b1b0-060d-4c1b-99c6-40e7782475a9')
INSERT [dbo].[SafeCheckQuestionResponse] ([Id], [Title], [Comment], [Date], [ResponseType], [QuestionId]) VALUES (N'6e878f42-75a9-4780-a56c-94803ad45731', N'Acceptable', N'Spillage procedures in place.', NULL, N'Positive', N'154f4ceb-f88e-4718-b20c-55ebddd6d56d')
INSERT [dbo].[SafeCheckQuestionResponse] ([Id], [Title], [Comment], [Date], [ResponseType], [QuestionId]) VALUES (N'30da9734-cd44-4eea-aeb6-95230a0a32d5', N'Acceptable', N'Workspace adequate.', NULL, N'Positive', N'95c9cb23-4e47-4f23-94c7-80c6a654c6d4')
INSERT [dbo].[SafeCheckQuestionResponse] ([Id], [Title], [Comment], [Date], [ResponseType], [QuestionId]) VALUES (N'8bc073b4-b53d-4354-a4f0-9682edf67a18', N'Not Applicable', N'', NULL, N'Neutral', N'a224977d-6950-4db6-bd8f-cd7dbeb46223')
INSERT [dbo].[SafeCheckQuestionResponse] ([Id], [Title], [Comment], [Date], [ResponseType], [QuestionId]) VALUES (N'a411c0f3-e2fe-4fd1-8e78-97b9fd62c3ba', N'Unacceptable', N'The accident reporting process should be documented with thorough investigations carried out when accidents and incidents have occurred. Records of investigations should be retained.', NULL, N'Negative', N'56a6dade-cafb-4f67-95e4-fb4668befaec')
INSERT [dbo].[SafeCheckQuestionResponse] ([Id], [Title], [Comment], [Date], [ResponseType], [QuestionId]) VALUES (N'483b3519-fd48-4cf5-b2f9-980ba57ef4d9', N'Acceptable', N'Adequate arrangements in place.', NULL, N'Positive', N'94b307ae-a0dd-4e17-a1bb-b17c5405cc75')
INSERT [dbo].[SafeCheckQuestionResponse] ([Id], [Title], [Comment], [Date], [ResponseType], [QuestionId]) VALUES (N'cb5232fc-6df2-4406-a0cb-98393dde9d6f', N'Acceptable', N'Management monitoring system in place.', NULL, N'Positive', N'7f1a2d57-d85a-4876-9c3e-45f491b991af')
INSERT [dbo].[SafeCheckQuestionResponse] ([Id], [Title], [Comment], [Date], [ResponseType], [QuestionId]) VALUES (N'c18ae2aa-38cf-4a5f-84d4-983cb57cfe89', N'Not Applicable', N'', NULL, N'Neutral', N'bff13840-0d21-4958-ba3c-8abacdb26faf')
INSERT [dbo].[SafeCheckQuestionResponse] ([Id], [Title], [Comment], [Date], [ResponseType], [QuestionId]) VALUES (N'ac2a866b-f139-4889-bd8f-99d28ba79cb6', N'Unacceptable', N'Ensure that appropriate licenses are obtained for the sale of alcohol or provision of entertainment.', NULL, N'Negative', N'aadbc5a9-2685-4322-bf76-70fdddc71536')
INSERT [dbo].[SafeCheckQuestionResponse] ([Id], [Title], [Comment], [Date], [ResponseType], [QuestionId]) VALUES (N'a63e0b7d-6e09-4aaf-99fd-99e42ef19079', N'Unacceptable', N'Ensure there are adequate arrangements in place to protect employees where cash and valuables are handled. Ensure employees have received adequate training in procedures to follow should an incident occur. Consider the use of CCTV where applicable. ', NULL, N'Negative', N'a7741657-5b46-4238-ad98-eb5dff7f7b98')
INSERT [dbo].[SafeCheckQuestionResponse] ([Id], [Title], [Comment], [Date], [ResponseType], [QuestionId]) VALUES (N'a9e6663f-3110-4d7e-b882-9b46f774933c', N'Not Applicable', N'', NULL, N'Neutral', N'63791aa2-734e-420b-81cb-d860d469da93')
INSERT [dbo].[SafeCheckQuestionResponse] ([Id], [Title], [Comment], [Date], [ResponseType], [QuestionId]) VALUES (N'3419c84e-29d0-46ea-b82f-9b47e2a20077', N'Unacceptable', N'All racking should clearly display the safe working load. ', NULL, N'Negative', N'67fd48b1-c6ab-4eef-a7ad-eb73e39703be')
INSERT [dbo].[SafeCheckQuestionResponse] ([Id], [Title], [Comment], [Date], [ResponseType], [QuestionId]) VALUES (N'bba210e2-0d39-4c17-8bd9-9b7d7ae2dbc3', N'Acceptable', N'Risk assessment carried out/reviewed within last twelve months.', NULL, N'Positive', N'caa26613-3ba2-4820-bc99-160e8f53d1cf')
INSERT [dbo].[SafeCheckQuestionResponse] ([Id], [Title], [Comment], [Date], [ResponseType], [QuestionId]) VALUES (N'b5395cc4-fdbf-42bb-8d50-9c7cbaa15516', N'Unacceptable', N'Establish a Health Surveillance system and ensure records are retained. ', NULL, N'Negative', N'94ab1e50-70ce-40f7-96c3-8eea69dd8e20')
INSERT [dbo].[SafeCheckQuestionResponse] ([Id], [Title], [Comment], [Date], [ResponseType], [QuestionId]) VALUES (N'7247c608-cb8a-42ea-ba86-9dde606b63de', N'Unacceptable', N'Carry out risk assessments for the hazardous substances used in business processes/tasks. Ensure that these are documented and any further control measures are implemented.  Risk assessments should be reviewed annually', NULL, N'Negative', N'eee0631c-32e0-4044-9a41-aea2471ebe3f')
INSERT [dbo].[SafeCheckQuestionResponse] ([Id], [Title], [Comment], [Date], [ResponseType], [QuestionId]) VALUES (N'fc9e3d3d-19d5-45f4-88a7-9edf2337e2c4', N'Acceptable', N'Gym equipment periodically serviced and maintained.', NULL, N'Positive', N'027ff347-8eb1-4305-b20d-d5ac626d252f')
INSERT [dbo].[SafeCheckQuestionResponse] ([Id], [Title], [Comment], [Date], [ResponseType], [QuestionId]) VALUES (N'b05741e1-afd8-49ac-8a16-a1979c07856f', N'Unacceptable', N'Ensure there are adequate arrangements in place to periodically test water tanks and disinfect dead leg shower units.', NULL, N'Negative', N'6b7741bd-d2ed-4c55-96a7-effce369f1cf')
INSERT [dbo].[SafeCheckQuestionResponse] ([Id], [Title], [Comment], [Date], [ResponseType], [QuestionId]) VALUES (N'8f1deac8-80bb-4d36-bb46-a21f34b06548', N'Acceptable', N'Adequate arrangements in place', NULL, N'Positive', N'06ed1563-ac53-4189-8336-b357b2c18247')
INSERT [dbo].[SafeCheckQuestionResponse] ([Id], [Title], [Comment], [Date], [ResponseType], [QuestionId]) VALUES (N'3ea121a9-a2fb-4d23-932a-a27ba8277504', N'Not Applicable', N'', NULL, N'Neutral', N'f3bbaa15-c0c8-437c-920d-1fe2c856819d')
INSERT [dbo].[SafeCheckQuestionResponse] ([Id], [Title], [Comment], [Date], [ResponseType], [QuestionId]) VALUES (N'947e7b8f-7f88-49e3-989e-a2878ce9e4c1', N'Acceptable', N'Fire alarms tested weekly and serviced every six months with records retained.', NULL, N'Positive', N'dad98087-b077-41b6-91ae-fbe2c83b4b28')
INSERT [dbo].[SafeCheckQuestionResponse] ([Id], [Title], [Comment], [Date], [ResponseType], [QuestionId]) VALUES (N'12d3a740-3cdb-424d-9f11-a3b70ea83496', N'Not Applicable', N'', NULL, N'Neutral', N'68a65301-7b8d-4443-9f10-2c4f44b16fae')
INSERT [dbo].[SafeCheckQuestionResponse] ([Id], [Title], [Comment], [Date], [ResponseType], [QuestionId]) VALUES (N'f7b16768-f4f1-4b78-9450-a65de66e31fc', N'Not Applicable', N'', NULL, N'Neutral', N'7324b59c-a10a-47e3-a679-3d66f86078f7')
INSERT [dbo].[SafeCheckQuestionResponse] ([Id], [Title], [Comment], [Date], [ResponseType], [QuestionId]) VALUES (N'6ad7d605-607d-4102-bab4-a754287ae526', N'Acceptable', N'Adequate arrangements in place', NULL, N'Positive', N'5daf1954-cb43-4e2d-b19f-ffbf5e80ac40')
INSERT [dbo].[SafeCheckQuestionResponse] ([Id], [Title], [Comment], [Date], [ResponseType], [QuestionId]) VALUES (N'29b3277f-2595-46e8-b947-a8c94b0a19bf', N'Not Applicable', N'', NULL, N'Neutral', N'7f1a2d57-d85a-4876-9c3e-45f491b991af')
GO
print 'Processed 200 total records'
INSERT [dbo].[SafeCheckQuestionResponse] ([Id], [Title], [Comment], [Date], [ResponseType], [QuestionId]) VALUES (N'2ab80ddd-2887-491c-8bd1-a96d5c83a19b', N'Not Applicable', N'', NULL, N'Neutral', N'8490b00f-745a-4be8-9e81-b93683c2e8eb')
INSERT [dbo].[SafeCheckQuestionResponse] ([Id], [Title], [Comment], [Date], [ResponseType], [QuestionId]) VALUES (N'b6d943af-bc2e-4bd1-8f2a-a9bdcc033c20', N'Acceptable', N'Contractors assessed for suitability. ', NULL, N'Positive', N'2d908b28-face-43ca-921b-3a8a99b01f79')
INSERT [dbo].[SafeCheckQuestionResponse] ([Id], [Title], [Comment], [Date], [ResponseType], [QuestionId]) VALUES (N'd033ccce-7db8-418e-94e9-aa7a4b84e452', N'Acceptable', N'Restrictive devices fitted.', NULL, N'Positive', N'5c77256e-fbfd-4992-bdc3-19c84f1f8bf8')
INSERT [dbo].[SafeCheckQuestionResponse] ([Id], [Title], [Comment], [Date], [ResponseType], [QuestionId]) VALUES (N'fd649a28-fbb6-4793-b4d4-ad586f894b4c', N'Acceptable', N'Fixed electrical installation inspected at required frequency by competent person.', NULL, N'Positive', N'7044e667-f584-4812-9046-18de1885b631')
INSERT [dbo].[SafeCheckQuestionResponse] ([Id], [Title], [Comment], [Date], [ResponseType], [QuestionId]) VALUES (N'ce2d5d45-743a-4522-90f7-ae603b354559', N'Acceptable', N'Suitable arrangements in place.', NULL, N'Positive', N'b795eabd-08bd-44af-934e-452dcda0d28e')
INSERT [dbo].[SafeCheckQuestionResponse] ([Id], [Title], [Comment], [Date], [ResponseType], [QuestionId]) VALUES (N'ac89daa4-2b98-49db-a3c9-aeadf994eb89', N'Not Applicable', N'', NULL, N'Neutral', N'1914753c-7c3a-4deb-adf1-fe4d18a4c567')
INSERT [dbo].[SafeCheckQuestionResponse] ([Id], [Title], [Comment], [Date], [ResponseType], [QuestionId]) VALUES (N'59df706b-2ee0-40bf-883d-aeef3f381441', N'Acceptable', N'Fire drill carried out within the last six months with records retained.  ', NULL, N'Positive', N'6ff2a0eb-6e29-45b5-b75e-095b1ca98f96')
INSERT [dbo].[SafeCheckQuestionResponse] ([Id], [Title], [Comment], [Date], [ResponseType], [QuestionId]) VALUES (N'10be66c0-6c72-49c2-b7c7-af0594324097', N'Acceptable', N'Adequate arrangements in place.', NULL, N'Positive', N'f2600c1f-b0ae-49f7-9bd0-b1a8b3ab9277')
INSERT [dbo].[SafeCheckQuestionResponse] ([Id], [Title], [Comment], [Date], [ResponseType], [QuestionId]) VALUES (N'dc672f90-5694-4333-855d-af1c5dfee851', N'Acceptable', N'Suitable security measures in place', NULL, N'Positive', N'a7fb80e9-6e25-42c1-a7e8-eaacd2b2b1a6')
INSERT [dbo].[SafeCheckQuestionResponse] ([Id], [Title], [Comment], [Date], [ResponseType], [QuestionId]) VALUES (N'fc21df24-f7c6-412d-9985-af80fc09285f', N'Not Applicable', N'', NULL, N'Neutral', N'95bbf08c-f464-477d-b1b4-6d2552a0bf86')
INSERT [dbo].[SafeCheckQuestionResponse] ([Id], [Title], [Comment], [Date], [ResponseType], [QuestionId]) VALUES (N'3663f838-5773-41a5-9755-afd1c357ce37', N'Acceptable', N'Suitable and adequate emergency escape routes available.', NULL, N'Positive', N'aa7dde35-053c-403b-9394-3378f8e8bfd9')
INSERT [dbo].[SafeCheckQuestionResponse] ([Id], [Title], [Comment], [Date], [ResponseType], [QuestionId]) VALUES (N'6fd360fc-8041-4593-9f10-b267eb9e5aa6', N'Acceptable', N'Asbestos survey carried out.', NULL, N'Positive', N'707956bb-20e1-42ed-a3e5-f73635854baf')
INSERT [dbo].[SafeCheckQuestionResponse] ([Id], [Title], [Comment], [Date], [ResponseType], [QuestionId]) VALUES (N'b8b8ce6f-f0a7-4f61-af84-b413bafca8f9', N'Unacceptable', N'Ensure there are suitable and adequate emergency escape routes and that these are clear and free from obstruction at all times.', NULL, N'Negative', N'aa7dde35-053c-403b-9394-3378f8e8bfd9')
INSERT [dbo].[SafeCheckQuestionResponse] ([Id], [Title], [Comment], [Date], [ResponseType], [QuestionId]) VALUES (N'2bcefc53-7e18-41ee-8bee-b4917b7772af', N'Unacceptable', N'Ensure that all gym equipment is periodically serviced by a competent person with records retained.', NULL, N'Negative', N'027ff347-8eb1-4305-b20d-d5ac626d252f')
INSERT [dbo].[SafeCheckQuestionResponse] ([Id], [Title], [Comment], [Date], [ResponseType], [QuestionId]) VALUES (N'6490695d-d235-4896-b961-b4955b293de5', N'Not Applicable', N'', NULL, N'Neutral', N'787f2def-8f35-45ea-a4a3-753c5ea2f9de')
INSERT [dbo].[SafeCheckQuestionResponse] ([Id], [Title], [Comment], [Date], [ResponseType], [QuestionId]) VALUES (N'9758f601-1f0c-408c-85bf-b4f4a1d089fb', N'Not Applicable', N'', NULL, N'Neutral', N'a7fb80e9-6e25-42c1-a7e8-eaacd2b2b1a6')
INSERT [dbo].[SafeCheckQuestionResponse] ([Id], [Title], [Comment], [Date], [ResponseType], [QuestionId]) VALUES (N'd8560d5e-be75-4f25-9e1e-b5ed7c8b6a47', N'Acceptable', N'Adequate arrangements in place.', NULL, N'Positive', N'739a8f75-4366-4eb9-bce7-5ece6fc24eb7')
INSERT [dbo].[SafeCheckQuestionResponse] ([Id], [Title], [Comment], [Date], [ResponseType], [QuestionId]) VALUES (N'f9330391-d557-4161-a1d6-b6c3fa75ee8d', N'Not Applicable', N'', NULL, N'Neutral', N'adcbc7bf-4e33-42ea-aca3-f96388c77202')
INSERT [dbo].[SafeCheckQuestionResponse] ([Id], [Title], [Comment], [Date], [ResponseType], [QuestionId]) VALUES (N'f38be58f-8f52-4570-8d6c-b73fdb40841e', N'Unacceptable', N'"Ensure adequate procedures are in place to control the access to, storage, dispensing and disposal of drugs and medicines."', NULL, N'Negative', N'3f827cfa-78f8-4cff-ae4b-da84325a475d')
INSERT [dbo].[SafeCheckQuestionResponse] ([Id], [Title], [Comment], [Date], [ResponseType], [QuestionId]) VALUES (N'fd3fb7f2-81ef-4a99-8315-b7feaa839884', N'Acceptable', N'Adequate arrangements in place.', NULL, N'Positive', N'e72b5ec9-6a2d-401a-8dcb-f60d69eb8eb3')
INSERT [dbo].[SafeCheckQuestionResponse] ([Id], [Title], [Comment], [Date], [ResponseType], [QuestionId]) VALUES (N'6d6222b1-59d3-40a6-990c-ba73a905b998', N'Acceptable', N'Visual checks undertaken.', NULL, N'Positive', N'fdac29e4-6671-49df-9468-abf66c947ce2')
INSERT [dbo].[SafeCheckQuestionResponse] ([Id], [Title], [Comment], [Date], [ResponseType], [QuestionId]) VALUES (N'acc9042f-e067-49c3-aa0c-bb654761e9a7', N'Not Applicable', N'', NULL, N'Neutral', N'dad98087-b077-41b6-91ae-fbe2c83b4b28')
INSERT [dbo].[SafeCheckQuestionResponse] ([Id], [Title], [Comment], [Date], [ResponseType], [QuestionId]) VALUES (N'5377e8af-1632-48ff-9dbf-bcdf19210d0b', N'Acceptable', N'Security arrangements in place.', NULL, N'Positive', N'a7741657-5b46-4238-ad98-eb5dff7f7b98')
INSERT [dbo].[SafeCheckQuestionResponse] ([Id], [Title], [Comment], [Date], [ResponseType], [QuestionId]) VALUES (N'7a787d7e-932b-429d-a041-bd285a3d9dda', N'Not Applicable', N'', NULL, N'Neutral', N'42740025-ab43-4371-b99d-2b7c6848cfbb')
INSERT [dbo].[SafeCheckQuestionResponse] ([Id], [Title], [Comment], [Date], [ResponseType], [QuestionId]) VALUES (N'4057d540-3d1d-49a1-b09c-bda0c0388a7a', N'Acceptable', N'Certificate available and in date.', NULL, N'Positive', N'f532c2fa-83f4-49eb-93c6-d990c8cdf77f')
INSERT [dbo].[SafeCheckQuestionResponse] ([Id], [Title], [Comment], [Date], [ResponseType], [QuestionId]) VALUES (N'a1be45fa-2daa-4014-a8f5-c254aa4f0c4e', N'Unacceptable', N'Ensure all employees receive basic health and safety induction training on commencement of employment and ensure there is adequate on-going safety training provided as necessary. ', NULL, N'Negative', N'0d079039-6fb1-4015-b2a3-42310ba8eb26')
INSERT [dbo].[SafeCheckQuestionResponse] ([Id], [Title], [Comment], [Date], [ResponseType], [QuestionId]) VALUES (N'94d31bdb-ed09-496b-ab50-c2d50d391f3f', N'Not Applicable', N'', NULL, N'Neutral', N'7044e667-f584-4812-9046-18de1885b631')
INSERT [dbo].[SafeCheckQuestionResponse] ([Id], [Title], [Comment], [Date], [ResponseType], [QuestionId]) VALUES (N'29d71cf2-9cfc-4bd2-9fc0-c64ef5d118a1', N'Acceptable', N'Risk assessment carried out/reviewed within last twelve months.', NULL, N'Positive', N'69a5d5f4-8d9f-4b80-a0d5-8b8e29a349ee')
INSERT [dbo].[SafeCheckQuestionResponse] ([Id], [Title], [Comment], [Date], [ResponseType], [QuestionId]) VALUES (N'07cdce1a-9701-43d1-b7ac-c7a916815cf3', N'Not Applicable', N'', NULL, N'Neutral', N'74f3d203-f8e4-4303-bba8-e0222aa9ee42')
INSERT [dbo].[SafeCheckQuestionResponse] ([Id], [Title], [Comment], [Date], [ResponseType], [QuestionId]) VALUES (N'76a47f12-61a3-496e-a4b4-c9a8906e8937', N'Unacceptable', N'The health and safety law poster should be correctly detailed and displayed in a suitable location.', NULL, N'Negative', N'11924189-627a-444d-84e5-a9376b807f3a')
INSERT [dbo].[SafeCheckQuestionResponse] ([Id], [Title], [Comment], [Date], [ResponseType], [QuestionId]) VALUES (N'31e1d086-0b05-4118-a7b1-c9e77a110523', N'Unacceptable', N'Ensure all access equipment is of the appropriate type and ensure that equipment is subject to periodic checks and maintenance. ', NULL, N'Negative', N'31f13782-9349-4877-a50f-7a71a0269d4e')
INSERT [dbo].[SafeCheckQuestionResponse] ([Id], [Title], [Comment], [Date], [ResponseType], [QuestionId]) VALUES (N'16260e75-c904-4899-aeaa-c9fb35325f91', N'Unacceptable', N'Ensure that there is adequate access and egress to the workplace.', NULL, N'Negative', N'acf0b371-efd3-456a-ab5c-39bfd0704684')
INSERT [dbo].[SafeCheckQuestionResponse] ([Id], [Title], [Comment], [Date], [ResponseType], [QuestionId]) VALUES (N'ddde3c55-31aa-4d4b-bdae-ca7fafe68dea', N'Not Applicable', N'', NULL, N'Neutral', N'707956bb-20e1-42ed-a3e5-f73635854baf')
INSERT [dbo].[SafeCheckQuestionResponse] ([Id], [Title], [Comment], [Date], [ResponseType], [QuestionId]) VALUES (N'd11ab5c9-a9c8-4a9c-b4f1-cca75b02dfc8', N'Unacceptable', N'Ensure there is a health and safety policy in place. It should be signed and dated within the last twelve months by Senior Management.', NULL, N'Negative', N'2c468068-1d84-454e-aeaf-1717bf58987c')
INSERT [dbo].[SafeCheckQuestionResponse] ([Id], [Title], [Comment], [Date], [ResponseType], [QuestionId]) VALUES (N'41023fe2-9a0b-41b4-a535-cd82ff0ca79d', N'Unacceptable', N'Ensure emergency lighting is tested periodically, with records retained.', NULL, N'Negative', N'adcbc7bf-4e33-42ea-aca3-f96388c77202')
INSERT [dbo].[SafeCheckQuestionResponse] ([Id], [Title], [Comment], [Date], [ResponseType], [QuestionId]) VALUES (N'3b260f92-044c-49c9-8ef4-cda379d6914e', N'Acceptable', N'Adequate arrangements in place.', NULL, N'Positive', N'3f827cfa-78f8-4cff-ae4b-da84325a475d')
INSERT [dbo].[SafeCheckQuestionResponse] ([Id], [Title], [Comment], [Date], [ResponseType], [QuestionId]) VALUES (N'4a36a295-2433-478e-8cdb-cea0437bef94', N'Acceptable', N'Hazardous substances stored and used safely.', NULL, N'Positive', N'ad2d47cd-adf7-4d55-8bea-19b09356bb42')
INSERT [dbo].[SafeCheckQuestionResponse] ([Id], [Title], [Comment], [Date], [ResponseType], [QuestionId]) VALUES (N'e29e7657-5ba5-4e9c-8c01-ceb74a75f15b', N'Acceptable', N'Risk assessment carried out/reviewed within last twelve months.', NULL, N'Positive', N'8490b00f-745a-4be8-9e81-b93683c2e8eb')
INSERT [dbo].[SafeCheckQuestionResponse] ([Id], [Title], [Comment], [Date], [ResponseType], [QuestionId]) VALUES (N'd1ac90f6-ce29-401e-a4e5-cf18de8524cd', N'Not Applicable', N'', NULL, N'Neutral', N'027ff347-8eb1-4305-b20d-d5ac626d252f')
INSERT [dbo].[SafeCheckQuestionResponse] ([Id], [Title], [Comment], [Date], [ResponseType], [QuestionId]) VALUES (N'7a5ceafe-6904-4e0a-a3ed-cfce85b33d8c', N'Acceptable', N'Management plan in place', NULL, N'Positive', N'bf7c6c52-f57c-4c10-8fe0-15e742e4aed3')
INSERT [dbo].[SafeCheckQuestionResponse] ([Id], [Title], [Comment], [Date], [ResponseType], [QuestionId]) VALUES (N'08bdb86e-504f-430b-b793-d05ccea20a69', N'Unacceptable', N'Ensure that risk assessments are in place for all residents who use bed rails and wheel chairs.', NULL, N'Negative', N'f94bda28-9b2f-40d1-b8fa-2a211ce7b7af')
INSERT [dbo].[SafeCheckQuestionResponse] ([Id], [Title], [Comment], [Date], [ResponseType], [QuestionId]) VALUES (N'c86cb39b-a865-49b9-85b1-d14da7263079', N'Acceptable', N'Guarding in place.', NULL, N'Positive', N'00479291-e1aa-403a-b9b4-401c817b7e5f')
INSERT [dbo].[SafeCheckQuestionResponse] ([Id], [Title], [Comment], [Date], [ResponseType], [QuestionId]) VALUES (N'cda1b15e-3d3e-40e8-94e4-d2cc4751c189', N'Not Applicable', N'', NULL, N'Neutral', N'1b972401-91d4-4070-9fca-0a4219c65e2f')
INSERT [dbo].[SafeCheckQuestionResponse] ([Id], [Title], [Comment], [Date], [ResponseType], [QuestionId]) VALUES (N'41b02e5e-a8da-4687-a053-d377b9462bdf', N'Acceptable', N'Lock off procedures adopted.', NULL, N'Positive', N'ad97cdf5-5a28-438e-adac-77c1b069d068')
INSERT [dbo].[SafeCheckQuestionResponse] ([Id], [Title], [Comment], [Date], [ResponseType], [QuestionId]) VALUES (N'a8f2faf8-c5a3-4d1a-9161-d4362b60a9f1', N'Unacceptable', N'Carry out a young persons risk assessment. Ensure that these are documented and any further control measures are implemented.  Risk assessments should be reviewed at least annually.', NULL, N'Negative', N'b6619c8c-4b3d-4487-a747-2e2f238cd4cf')
INSERT [dbo].[SafeCheckQuestionResponse] ([Id], [Title], [Comment], [Date], [ResponseType], [QuestionId]) VALUES (N'f9d63fa5-2ede-45cb-b774-d4c558ca75ab', N'Not Applicable', N'', NULL, N'Neutral', N'344a9d4c-694a-4fc8-b5cc-75c5b05b7cf1')
INSERT [dbo].[SafeCheckQuestionResponse] ([Id], [Title], [Comment], [Date], [ResponseType], [QuestionId]) VALUES (N'fcdfbbf0-648f-47d1-9872-d66eabc48da3', N'Not Applicable', N'', NULL, N'Neutral', N'7b23aa12-d1c7-4d9d-b1fc-cd70079ed0fa')
INSERT [dbo].[SafeCheckQuestionResponse] ([Id], [Title], [Comment], [Date], [ResponseType], [QuestionId]) VALUES (N'bc2ff9bd-9694-4aed-82e4-d7c40a78dfc2', N'Unacceptable', N'Ensure that hazardous substances are stored and used safely.', NULL, N'Negative', N'ad2d47cd-adf7-4d55-8bea-19b09356bb42')
INSERT [dbo].[SafeCheckQuestionResponse] ([Id], [Title], [Comment], [Date], [ResponseType], [QuestionId]) VALUES (N'7aa1e7b3-eb00-4fa8-b012-d7e4ea3439cf', N'Acceptable', N'Safe working loads clearly displayed.', NULL, N'Positive', N'67fd48b1-c6ab-4eef-a7ad-eb73e39703be')
INSERT [dbo].[SafeCheckQuestionResponse] ([Id], [Title], [Comment], [Date], [ResponseType], [QuestionId]) VALUES (N'21d63d0f-2abd-49a8-990e-d805edc525ea', N'Unacceptable', N'Ensure that all passenger lifts are subject to a Thorough Examination on a six monthly basis.', NULL, N'Negative', N'e69f16bc-46fa-4866-b9b8-2a7cec1ddc25')
INSERT [dbo].[SafeCheckQuestionResponse] ([Id], [Title], [Comment], [Date], [ResponseType], [QuestionId]) VALUES (N'4f3130cd-4caf-49c5-ba27-dc48e484b7ee', N'Not Applicable', N'', NULL, N'Neutral', N'11924189-627a-444d-84e5-a9376b807f3a')
INSERT [dbo].[SafeCheckQuestionResponse] ([Id], [Title], [Comment], [Date], [ResponseType], [QuestionId]) VALUES (N'a1c814be-c211-46dc-b2f0-dd2d23dda345', N'Not Applicable', N'', NULL, N'Neutral', N'fae45722-efac-4b4b-8027-4ed30edff13d')
INSERT [dbo].[SafeCheckQuestionResponse] ([Id], [Title], [Comment], [Date], [ResponseType], [QuestionId]) VALUES (N'14348339-da54-449a-bb17-de97c0d38eb6', N'Acceptable', N'Accident and incident reporting procedure in place.', NULL, N'Positive', N'56a6dade-cafb-4f67-95e4-fb4668befaec')
INSERT [dbo].[SafeCheckQuestionResponse] ([Id], [Title], [Comment], [Date], [ResponseType], [QuestionId]) VALUES (N'4089af42-0b53-4e37-a361-deeebca4938e', N'Acceptable', N'Installed as necessary.', NULL, N'Positive', N'16ed225d-a33e-4d35-8c7b-a87bb553e33c')
INSERT [dbo].[SafeCheckQuestionResponse] ([Id], [Title], [Comment], [Date], [ResponseType], [QuestionId]) VALUES (N'b4093d23-f38f-4437-95be-def97a392623', N'Acceptable', N'Road traffic accidents reporting and investigated.', NULL, N'Positive', N'b5449e10-4b20-462b-89ca-8dcd1b973df4')
INSERT [dbo].[SafeCheckQuestionResponse] ([Id], [Title], [Comment], [Date], [ResponseType], [QuestionId]) VALUES (N'6950d356-2332-4d83-8a00-df253e21595b', N'Unacceptable', N'Ensure all portable electrical equipment is maintained in a safe and suitable condition.', NULL, N'Negative', N'344a9d4c-694a-4fc8-b5cc-75c5b05b7cf1')
INSERT [dbo].[SafeCheckQuestionResponse] ([Id], [Title], [Comment], [Date], [ResponseType], [QuestionId]) VALUES (N'6f54c7db-ccd8-4ee0-9b34-df6e065a18b6', N'Acceptable', N'Hazard reporting procedure in place.', NULL, N'Positive', N'5140c0f3-b5d9-415e-b910-32c7093a96e7')
INSERT [dbo].[SafeCheckQuestionResponse] ([Id], [Title], [Comment], [Date], [ResponseType], [QuestionId]) VALUES (N'bd4c3675-26ec-480d-abd2-e06a6abbd5bd', N'Unacceptable', N'Ensure there are adequate arrangements in place to protect employees where cash and valuables are handled. Ensure employees have received adequate training in procedure to follow should an incident occur. Consider the use of CCTV where applicable', NULL, N'Negative', N'a7fb80e9-6e25-42c1-a7e8-eaacd2b2b1a6')
INSERT [dbo].[SafeCheckQuestionResponse] ([Id], [Title], [Comment], [Date], [ResponseType], [QuestionId]) VALUES (N'd18eaeb6-3521-4183-a588-e18d181a3666', N'Acceptable', N'Welfare facilities adequate.', NULL, N'Positive', N'2bef26a3-dc2f-49ea-bf57-3529b20020c1')
INSERT [dbo].[SafeCheckQuestionResponse] ([Id], [Title], [Comment], [Date], [ResponseType], [QuestionId]) VALUES (N'ee15bc59-3631-4706-9c02-e197c93087ff', N'Unacceptable', N'A suitable management plan should be in place to detail how asbestos is being controlled and managed. ', NULL, N'Negative', N'cab9dd56-cec8-4208-a052-e64e8d8c1133')
INSERT [dbo].[SafeCheckQuestionResponse] ([Id], [Title], [Comment], [Date], [ResponseType], [QuestionId]) VALUES (N'f1a3d6db-ab74-4ea7-985a-e1c2554eb462', N'Unacceptable', N'Ensure safe working procedures are in place for loading and unloading activities.', NULL, N'Negative', N'7324b59c-a10a-47e3-a679-3d66f86078f7')
INSERT [dbo].[SafeCheckQuestionResponse] ([Id], [Title], [Comment], [Date], [ResponseType], [QuestionId]) VALUES (N'a576347a-736c-4b51-8ffd-e200815e7b91', N'Not Applicable', N'', NULL, N'Neutral', N'2bef26a3-dc2f-49ea-bf57-3529b20020c1')
INSERT [dbo].[SafeCheckQuestionResponse] ([Id], [Title], [Comment], [Date], [ResponseType], [QuestionId]) VALUES (N'cd3e7938-6de8-4c15-b690-e2a0a78aa4c7', N'Not Applicable', N'', NULL, N'Neutral', N'ad97cdf5-5a28-438e-adac-77c1b069d068')
INSERT [dbo].[SafeCheckQuestionResponse] ([Id], [Title], [Comment], [Date], [ResponseType], [QuestionId]) VALUES (N'b5fa99e9-323f-4c72-b94d-e2e64bd5f5ee', N'Not Applicable', N'', NULL, N'Neutral', N'bf7c6c52-f57c-4c10-8fe0-15e742e4aed3')
INSERT [dbo].[SafeCheckQuestionResponse] ([Id], [Title], [Comment], [Date], [ResponseType], [QuestionId]) VALUES (N'e0d1772a-56a6-4abd-a5dd-e6586f8eb7e6', N'Acceptable', N'Fire exit signage suitably displayed.', NULL, N'Positive', N'3986b600-f06b-4d35-a174-36b331f11f3a')
INSERT [dbo].[SafeCheckQuestionResponse] ([Id], [Title], [Comment], [Date], [ResponseType], [QuestionId]) VALUES (N'b7b44233-217a-468f-a6e3-e680d8b5b88e', N'Acceptable', N'Lone working procedures in place.', NULL, N'Positive', N'787f2def-8f35-45ea-a4a3-753c5ea2f9de')
INSERT [dbo].[SafeCheckQuestionResponse] ([Id], [Title], [Comment], [Date], [ResponseType], [QuestionId]) VALUES (N'50df97a5-ae0a-48bc-a3e1-e6ae38163805', N'Unacceptable', N'The fixed electrical installation should be maintained and inspected periodically by a qualified competent person.', NULL, N'Negative', N'7044e667-f584-4812-9046-18de1885b631')
INSERT [dbo].[SafeCheckQuestionResponse] ([Id], [Title], [Comment], [Date], [ResponseType], [QuestionId]) VALUES (N'f8cb6922-b9b6-42aa-81f1-e7eb65ad3a23', N'Acceptable', N'Procedures in place.', NULL, N'Positive', N'59cf8d10-3eed-460c-986e-e2d974949480')
INSERT [dbo].[SafeCheckQuestionResponse] ([Id], [Title], [Comment], [Date], [ResponseType], [QuestionId]) VALUES (N'c58c6df0-c67b-4633-bb3e-e8694e0d48bb', N'Unacceptable', N'Ensure that tasks that expose employees to vibration are assessed and suitably managed and controlled. Vibration levels should not be exceeded.', NULL, N'Negative', N'5baa00fe-ee37-40d4-a753-9abfafe3311f')
INSERT [dbo].[SafeCheckQuestionResponse] ([Id], [Title], [Comment], [Date], [ResponseType], [QuestionId]) VALUES (N'6b00b585-4663-4c92-8276-ec4fd521aead', N'Acceptable', N'Vibration risks managed and controlled.', NULL, N'Positive', N'5baa00fe-ee37-40d4-a753-9abfafe3311f')
INSERT [dbo].[SafeCheckQuestionResponse] ([Id], [Title], [Comment], [Date], [ResponseType], [QuestionId]) VALUES (N'9b2fcb76-e971-4ba9-81bb-ee8637a561d4', N'Not Applicable', N'', NULL, N'Neutral', N'aa7dde35-053c-403b-9394-3378f8e8bfd9')
INSERT [dbo].[SafeCheckQuestionResponse] ([Id], [Title], [Comment], [Date], [ResponseType], [QuestionId]) VALUES (N'c482220f-d5f2-49a9-aa09-eeb4183999c8', N'Not Applicable', N'', NULL, N'Neutral', N'425b8f10-acf6-4177-bdc3-d2a03383398a')
INSERT [dbo].[SafeCheckQuestionResponse] ([Id], [Title], [Comment], [Date], [ResponseType], [QuestionId]) VALUES (N'e05522f1-7543-49a5-af06-f084514a96ba', N'Acceptable', N'Risk assessment carried out/reviewed within last twelve months.', NULL, N'Positive', N'0ccf8583-dd3b-4184-92a8-27a7e5e870c1')
INSERT [dbo].[SafeCheckQuestionResponse] ([Id], [Title], [Comment], [Date], [ResponseType], [QuestionId]) VALUES (N'0bb1898d-0c06-4869-af67-f156e6c0efcc', N'Acceptable', N'Lighting deemed to be adequate.', NULL, N'Positive', N'e00f20a7-2e56-4ae4-b0ee-944e82554f3c')
INSERT [dbo].[SafeCheckQuestionResponse] ([Id], [Title], [Comment], [Date], [ResponseType], [QuestionId]) VALUES (N'7c9a88c8-0ca0-486a-a8b7-f288c93ec62c', N'Not Applicable', N'', NULL, N'Neutral', N'acf0b371-efd3-456a-ab5c-39bfd0704684')
INSERT [dbo].[SafeCheckQuestionResponse] ([Id], [Title], [Comment], [Date], [ResponseType], [QuestionId]) VALUES (N'03040917-32cc-439e-8b77-f289dc7bd2b3', N'Not Applicable', N'', NULL, N'Neutral', N'f919da33-b76f-435a-b8b7-b71e80d29edb')
INSERT [dbo].[SafeCheckQuestionResponse] ([Id], [Title], [Comment], [Date], [ResponseType], [QuestionId]) VALUES (N'a1aee8a3-e500-4e5f-900e-f2bf93c6f0c6', N'Acceptable', N'Fire equipment serviced annually by a qualified competent person. ', NULL, N'Positive', N'f919da33-b76f-435a-b8b7-b71e80d29edb')
INSERT [dbo].[SafeCheckQuestionResponse] ([Id], [Title], [Comment], [Date], [ResponseType], [QuestionId]) VALUES (N'1685ca0f-f4ee-4775-8c53-f39e2deded47', N'Unacceptable', N'A fire drill should be carried out six monthly. This should be recorded and reviewed to ensure the fire evacuation procedures are suitable. ', NULL, N'Negative', N'6ff2a0eb-6e29-45b5-b75e-095b1ca98f96')
INSERT [dbo].[SafeCheckQuestionResponse] ([Id], [Title], [Comment], [Date], [ResponseType], [QuestionId]) VALUES (N'd5a59139-229d-4461-bcbf-f418f7814206', N'Not Applicable', N'', NULL, N'Neutral', N'3986b600-f06b-4d35-a174-36b331f11f3a')
INSERT [dbo].[SafeCheckQuestionResponse] ([Id], [Title], [Comment], [Date], [ResponseType], [QuestionId]) VALUES (N'72627372-514d-4d45-9519-f420cf3a0e6c', N'Not Applicable', N'', NULL, N'Neutral', N'739a8f75-4366-4eb9-bce7-5ece6fc24eb7')
INSERT [dbo].[SafeCheckQuestionResponse] ([Id], [Title], [Comment], [Date], [ResponseType], [QuestionId]) VALUES (N'1824f565-0977-40fd-87e7-f43411d3ac3e', N'Unacceptable', N'External areas should be suitably maintained for the work activities taking place.', NULL, N'Negative', N'ef6388d9-f9d9-4258-a1c8-ee6e757c3ec3')
INSERT [dbo].[SafeCheckQuestionResponse] ([Id], [Title], [Comment], [Date], [ResponseType], [QuestionId]) VALUES (N'3f705e98-6069-4f34-964c-f477522d878b', N'Unacceptable', N'Ensure a lone working risk assessment has been carried out and any further control measures required are put in place. Consider communication arrangements and procedures to take in the event of an incident.', NULL, N'Negative', N'787f2def-8f35-45ea-a4a3-753c5ea2f9de')
INSERT [dbo].[SafeCheckQuestionResponse] ([Id], [Title], [Comment], [Date], [ResponseType], [QuestionId]) VALUES (N'd138d557-9ec4-4ca5-a746-f52cb0b80593', N'Unacceptable', N'Ensure procedures are in place for the reporting and investigation of road traffic accidents.', NULL, N'Negative', N'b5449e10-4b20-462b-89ca-8dcd1b973df4')
INSERT [dbo].[SafeCheckQuestionResponse] ([Id], [Title], [Comment], [Date], [ResponseType], [QuestionId]) VALUES (N'cfbec713-ed28-456d-a741-f621a84aa52e', N'Not Applicable', N'', NULL, N'Neutral', N'5343708d-eac8-4aaf-869d-5978ea1a0d99')
INSERT [dbo].[SafeCheckQuestionResponse] ([Id], [Title], [Comment], [Date], [ResponseType], [QuestionId]) VALUES (N'f6f1f447-7deb-4a0a-af7e-f6864038d209', N'Acceptable', N'Lifting equipment suitably examined at required frequencies.', NULL, N'Positive', N'68a65301-7b8d-4443-9f10-2c4f44b16fae')
INSERT [dbo].[SafeCheckQuestionResponse] ([Id], [Title], [Comment], [Date], [ResponseType], [QuestionId]) VALUES (N'266bf661-a8e8-4ee7-932b-f6be79546102', N'Acceptable', N'Maintained in good working order.', NULL, N'Positive', N'bff13840-0d21-4958-ba3c-8abacdb26faf')
INSERT [dbo].[SafeCheckQuestionResponse] ([Id], [Title], [Comment], [Date], [ResponseType], [QuestionId]) VALUES (N'bfa04a6c-56d8-4599-8849-f7ac4c256b08', N'Unacceptable', N'Ensure that driver mileage logs are completed by all drivers.  ', NULL, N'Negative', N'1b972401-91d4-4070-9fca-0a4219c65e2f')
INSERT [dbo].[SafeCheckQuestionResponse] ([Id], [Title], [Comment], [Date], [ResponseType], [QuestionId]) VALUES (N'ee43433d-7f32-46fd-8588-f8bf8316ece7', N'Acceptable', N'Temperature checks undertaken.', NULL, N'Positive', N'6b7741bd-d2ed-4c55-96a7-effce369f1cf')
INSERT [dbo].[SafeCheckQuestionResponse] ([Id], [Title], [Comment], [Date], [ResponseType], [QuestionId]) VALUES (N'ade29d54-e7ab-4651-8c9f-f97a9859274a', N'Unacceptable', N'Consider the design of the Mezzanine floor to ensure that it is suitable for its intended use.', NULL, N'Negative', N'49610d2a-b473-444d-970d-aa0336b5eac3')
INSERT [dbo].[SafeCheckQuestionResponse] ([Id], [Title], [Comment], [Date], [ResponseType], [QuestionId]) VALUES (N'39eecbf8-fe44-40ad-b8b3-f99c1fcdc3bd', N'Not Applicable', N'', NULL, N'Neutral', N'90cf8c4a-d2d1-4007-befd-34cfccc4bde7')
INSERT [dbo].[SafeCheckQuestionResponse] ([Id], [Title], [Comment], [Date], [ResponseType], [QuestionId]) VALUES (N'2aeb9499-26a9-4c2a-b98e-fa8beacfd281', N'Not Applicable', N'', NULL, N'Neutral', N'5c77256e-fbfd-4992-bdc3-19c84f1f8bf8')
INSERT [dbo].[SafeCheckQuestionResponse] ([Id], [Title], [Comment], [Date], [ResponseType], [QuestionId]) VALUES (N'ce4c441a-89c4-4300-835d-fc6271793dc9', N'Acceptable', N'Safe working procedures in place.', NULL, N'Positive', N'7324b59c-a10a-47e3-a679-3d66f86078f7')
INSERT [dbo].[SafeCheckQuestionResponse] ([Id], [Title], [Comment], [Date], [ResponseType], [QuestionId]) VALUES (N'f506c1e0-65bd-430e-bdc5-fd12f9cf8d75', N'Acceptable', N'Restrictive devices fitted.', NULL, N'Positive', N'db37c7ec-0749-4912-a194-ae568524cdcb')
INSERT [dbo].[SafeCheckQuestionResponse] ([Id], [Title], [Comment], [Date], [ResponseType], [QuestionId]) VALUES (N'a8f1b97e-872a-450a-9e7a-fd6c4848c436', N'Not Applicable', N'', NULL, N'Neutral', N'31b711bd-4576-42d1-86ac-ceb30c505cfe')
INSERT [dbo].[SafeCheckQuestionResponse] ([Id], [Title], [Comment], [Date], [ResponseType], [QuestionId]) VALUES (N'fa430c06-de57-4e42-a7ef-fe30e1769f5f', N'Unacceptable', N'Ensure the fire alarms are tested weekly and serviced six monthly with records retained.', NULL, N'Negative', N'dad98087-b077-41b6-91ae-fbe2c83b4b28')
/****** Object:  Table [dbo].[SafeCheckQuestion]    Script Date: 09/04/2013 17:02:50 ******/
INSERT [dbo].[SafeCheckQuestion] ([Id], [CustomQuestion], [Title], [RelatedCategoryId]) VALUES (N'6ff2a0eb-6e29-45b5-b75e-095b1ca98f96', 0, N'Is a fire evacuation drill undertaken every six months with results recorded?', N'00000000-0000-0000-0000-000000000000')
INSERT [dbo].[SafeCheckQuestion] ([Id], [CustomQuestion], [Title], [RelatedCategoryId]) VALUES (N'1b972401-91d4-4070-9fca-0a4219c65e2f', 0, N'Where driver mileage logs are required, are they completed by all drivers?', N'cac157f2-bf0e-447c-a404-60ffd34912da')
INSERT [dbo].[SafeCheckQuestion] ([Id], [CustomQuestion], [Title], [RelatedCategoryId]) VALUES (N'bd2979ee-ec03-4514-923b-0d0a26f0a2c7', 0, N'Is ventilation to machinery suitable and sufficient with routine maintenance undertaken?', N'879f3774-f4d6-42b1-a4d8-20eea35bec1f')
INSERT [dbo].[SafeCheckQuestion] ([Id], [CustomQuestion], [Title], [RelatedCategoryId]) VALUES (N'107dc727-57c5-4a90-bfa3-1508db13735d', 0, N'Are work areas and facilities designed to be ergonomically suitable for workers?', N'a33cec89-d548-4dc1-9602-4ede4c7c6d77')
INSERT [dbo].[SafeCheckQuestion] ([Id], [CustomQuestion], [Title], [RelatedCategoryId]) VALUES (N'bf7c6c52-f57c-4c10-8fe0-15e742e4aed3', 0, N'Are swimming pools and spa pools subject to a management plan which should include arrangements for sampling of water quality and maintenance of pool plant (with records kept)?', N'a33cec89-d548-4dc1-9602-4ede4c7c6d77')
INSERT [dbo].[SafeCheckQuestion] ([Id], [CustomQuestion], [Title], [RelatedCategoryId]) VALUES (N'caa26613-3ba2-4820-bc99-160e8f53d1cf', 0, N'Have risk assessments been carried out for new and expectant mothers?', N'00000000-0000-0000-0000-000000000000')
INSERT [dbo].[SafeCheckQuestion] ([Id], [CustomQuestion], [Title], [RelatedCategoryId]) VALUES (N'2c468068-1d84-454e-aeaf-1717bf58987c', 0, N'Is a Health and Safety Policy in place (signed and dated by the Senior Manager)?', N'00000000-0000-0000-0000-000000000000')
INSERT [dbo].[SafeCheckQuestion] ([Id], [CustomQuestion], [Title], [RelatedCategoryId]) VALUES (N'7044e667-f584-4812-9046-18de1885b631', 0, N'Has the fixed electrical installation within the premises, been subject to periodic inspection by a qualified competent person?', N'00000000-0000-0000-0000-000000000000')
INSERT [dbo].[SafeCheckQuestion] ([Id], [CustomQuestion], [Title], [RelatedCategoryId]) VALUES (N'ad2d47cd-adf7-4d55-8bea-19b09356bb42', 0, N'Are hazardous substances stored and used safely?', N'00000000-0000-0000-0000-000000000000')
INSERT [dbo].[SafeCheckQuestion] ([Id], [CustomQuestion], [Title], [RelatedCategoryId]) VALUES (N'5c77256e-fbfd-4992-bdc3-19c84f1f8bf8', 0, N'Are relevant windows fitted with restricted devices capable of being locked in a set position?', N'a33cec89-d548-4dc1-9602-4ede4c7c6d77')
INSERT [dbo].[SafeCheckQuestion] ([Id], [CustomQuestion], [Title], [RelatedCategoryId]) VALUES (N'1ea8c779-c3ef-48a7-8a17-1bdaec49fbf6', 0, N'Are displays of goods or advertising / marketing articles positioned so as to be safe with minimal risk of them being the cause of an accident or incident?', N'879f3774-f4d6-42b1-a4d8-20eea35bec1f')
INSERT [dbo].[SafeCheckQuestion] ([Id], [CustomQuestion], [Title], [RelatedCategoryId]) VALUES (N'f3bbaa15-c0c8-437c-920d-1fe2c856819d', 0, N'Are suitable arrangements in place to service and maintain any air conditioning units?', N'00000000-0000-0000-0000-000000000000')
INSERT [dbo].[SafeCheckQuestion] ([Id], [CustomQuestion], [Title], [RelatedCategoryId]) VALUES (N'141ce66a-6332-4c1c-abda-228b61a1b2bf', 0, N'Is workplace noise subject to risk assessment and, wherever possible, eliminated or reduced or controlled at source?', N'00000000-0000-0000-0000-000000000000')
INSERT [dbo].[SafeCheckQuestion] ([Id], [CustomQuestion], [Title], [RelatedCategoryId]) VALUES (N'0ccf8583-dd3b-4184-92a8-27a7e5e870c1', 0, N'Have risk assessments been carried out for display screen equipment?', N'00000000-0000-0000-0000-000000000000')
INSERT [dbo].[SafeCheckQuestion] ([Id], [CustomQuestion], [Title], [RelatedCategoryId]) VALUES (N'f94bda28-9b2f-40d1-b8fa-2a211ce7b7af', 0, N'Is a risk assessment in place regarding all residents (service users) who use bed rails and wheel chairs?', N'879f3774-f4d6-42b1-a4d8-20eea35bec1f')
INSERT [dbo].[SafeCheckQuestion] ([Id], [CustomQuestion], [Title], [RelatedCategoryId]) VALUES (N'e69f16bc-46fa-4866-b9b8-2a7cec1ddc25', 0, N'Are passenger lifts subject to periodic Thorough Examination?', N'00000000-0000-0000-0000-000000000000')
INSERT [dbo].[SafeCheckQuestion] ([Id], [CustomQuestion], [Title], [RelatedCategoryId]) VALUES (N'42740025-ab43-4371-b99d-2b7c6848cfbb', 0, N'Is the use of lubricants and cutting oils subject to risk assessment and the adoption of safe working procedures?', N'879f3774-f4d6-42b1-a4d8-20eea35bec1f')
INSERT [dbo].[SafeCheckQuestion] ([Id], [CustomQuestion], [Title], [RelatedCategoryId]) VALUES (N'68a65301-7b8d-4443-9f10-2c4f44b16fae', 0, N'Is all lifting equipment (and accessories) subject to periodic Thorough Examination?', N'00000000-0000-0000-0000-000000000000')
INSERT [dbo].[SafeCheckQuestion] ([Id], [CustomQuestion], [Title], [RelatedCategoryId]) VALUES (N'b6619c8c-4b3d-4487-a747-2e2f238cd4cf', 0, N'Have risk assessments been carried out for young persons?', N'00000000-0000-0000-0000-000000000000')
INSERT [dbo].[SafeCheckQuestion] ([Id], [CustomQuestion], [Title], [RelatedCategoryId]) VALUES (N'146ee765-5173-467c-a8a5-302e1078f47c', 0, N'Are people separated from transport, plant and processes, where possible?', N'00000000-0000-0000-0000-000000000000')
INSERT [dbo].[SafeCheckQuestion] ([Id], [CustomQuestion], [Title], [RelatedCategoryId]) VALUES (N'5140c0f3-b5d9-415e-b910-32c7093a96e7', 0, N'Is there a hazard reporting procedure in place?', N'00000000-0000-0000-0000-000000000000')
INSERT [dbo].[SafeCheckQuestion] ([Id], [CustomQuestion], [Title], [RelatedCategoryId]) VALUES (N'aa7dde35-053c-403b-9394-3378f8e8bfd9', 0, N'Are suitable and adequate emergency escape routes available within work premises?', N'00000000-0000-0000-0000-000000000000')
INSERT [dbo].[SafeCheckQuestion] ([Id], [CustomQuestion], [Title], [RelatedCategoryId]) VALUES (N'90cf8c4a-d2d1-4007-befd-34cfccc4bde7', 0, N'Are Personal Emergency Evacuation Plans devised for all persons who have recognised disabilities?', N'00000000-0000-0000-0000-000000000000')
INSERT [dbo].[SafeCheckQuestion] ([Id], [CustomQuestion], [Title], [RelatedCategoryId]) VALUES (N'2bef26a3-dc2f-49ea-bf57-3529b20020c1', 0, N'Are adequate welfare facilities including toilets and washing facilities (with suitable warm and cold water) provided?', N'00000000-0000-0000-0000-000000000000')
INSERT [dbo].[SafeCheckQuestion] ([Id], [CustomQuestion], [Title], [RelatedCategoryId]) VALUES (N'5c908fef-bd25-4555-88ee-358844d3a645', 0, N'Are areas accessible to the public, maintained in a suitable condition?', N'00000000-0000-0000-0000-000000000000')
INSERT [dbo].[SafeCheckQuestion] ([Id], [CustomQuestion], [Title], [RelatedCategoryId]) VALUES (N'3986b600-f06b-4d35-a174-36b331f11f3a', 0, N'Is suitable fire escape signage displayed at each fire exit point and at other suitable places?', N'00000000-0000-0000-0000-000000000000')
INSERT [dbo].[SafeCheckQuestion] ([Id], [CustomQuestion], [Title], [RelatedCategoryId]) VALUES (N'acf0b371-efd3-456a-ab5c-39bfd0704684', 0, N'Is there adequate access to and egress from the workplace?', N'00000000-0000-0000-0000-000000000000')
INSERT [dbo].[SafeCheckQuestion] ([Id], [CustomQuestion], [Title], [RelatedCategoryId]) VALUES (N'2d908b28-face-43ca-921b-3a8a99b01f79', 0, N'Are Contractors assessed for suitability?', N'00000000-0000-0000-0000-000000000000')
INSERT [dbo].[SafeCheckQuestion] ([Id], [CustomQuestion], [Title], [RelatedCategoryId]) VALUES (N'7324b59c-a10a-47e3-a679-3d66f86078f7', 0, N'Are loading & unloading operations subject to safe working procedure with any equipment used for these operations subject to statutory examinations and maintenance?', N'879f3774-f4d6-42b1-a4d8-20eea35bec1f')
INSERT [dbo].[SafeCheckQuestion] ([Id], [CustomQuestion], [Title], [RelatedCategoryId]) VALUES (N'00479291-e1aa-403a-b9b4-401c817b7e5f', 0, N'Is suitable guarding in place and maintained to prevent people coming into contact with moving machinery parts?', N'879f3774-f4d6-42b1-a4d8-20eea35bec1f')
INSERT [dbo].[SafeCheckQuestion] ([Id], [CustomQuestion], [Title], [RelatedCategoryId]) VALUES (N'7d48b1b0-060d-4c1b-99c6-40e7782475a9', 0, N'Are air temperatures maintained at reasonable levels?', N'00000000-0000-0000-0000-000000000000')
INSERT [dbo].[SafeCheckQuestion] ([Id], [CustomQuestion], [Title], [RelatedCategoryId]) VALUES (N'0d079039-6fb1-4015-b2a3-42310ba8eb26', 0, N'Are employees trained in general and job specific health and safety?', N'00000000-0000-0000-0000-000000000000')
INSERT [dbo].[SafeCheckQuestion] ([Id], [CustomQuestion], [Title], [RelatedCategoryId]) VALUES (N'b795eabd-08bd-44af-934e-452dcda0d28e', 0, N'Where workers may be exposed to aggression as part of their work, are arrangements in place to investigate and resolve the issues concerned?', N'00000000-0000-0000-0000-000000000000')
INSERT [dbo].[SafeCheckQuestion] ([Id], [CustomQuestion], [Title], [RelatedCategoryId]) VALUES (N'7f1a2d57-d85a-4876-9c3e-45f491b991af', 0, N'Is Health and Safety monitored by Managers and Supervisors to ensure compliance with law and good practice?', N'00000000-0000-0000-0000-000000000000')
INSERT [dbo].[SafeCheckQuestion] ([Id], [CustomQuestion], [Title], [RelatedCategoryId]) VALUES (N'fae45722-efac-4b4b-8027-4ed30edff13d', 0, N'Are tail lifts subject to six monthly statutory Thorough Examination?', N'879f3774-f4d6-42b1-a4d8-20eea35bec1f')
INSERT [dbo].[SafeCheckQuestion] ([Id], [CustomQuestion], [Title], [RelatedCategoryId]) VALUES (N'154f4ceb-f88e-4718-b20c-55ebddd6d56d', 0, N'Are adequate spillage procedures in place where appropriate?', N'00000000-0000-0000-0000-000000000000')
INSERT [dbo].[SafeCheckQuestion] ([Id], [CustomQuestion], [Title], [RelatedCategoryId]) VALUES (N'5343708d-eac8-4aaf-869d-5978ea1a0d99', 0, N'Is all work equipment and machinery selected so as to be suitable and properly maintained?', N'00000000-0000-0000-0000-000000000000')
INSERT [dbo].[SafeCheckQuestion] ([Id], [CustomQuestion], [Title], [RelatedCategoryId]) VALUES (N'739a8f75-4366-4eb9-bce7-5ece6fc24eb7', 0, N'Are arrangements in place at golf clubs to manage public safety on and adjacent to the course, particularly in connection with the risks of persons being hit by golf balls, and vehicles on the course?', N'a33cec89-d548-4dc1-9602-4ede4c7c6d77')
INSERT [dbo].[SafeCheckQuestion] ([Id], [CustomQuestion], [Title], [RelatedCategoryId]) VALUES (N'8a55a24c-25b9-4c30-9304-6ceda51cc682', 0, N'Has a Premises Fire Risk assessment been completed?', N'00000000-0000-0000-0000-000000000000')
INSERT [dbo].[SafeCheckQuestion] ([Id], [CustomQuestion], [Title], [RelatedCategoryId]) VALUES (N'95bbf08c-f464-477d-b1b4-6d2552a0bf86', 0, N'Are arrangements in place to ensure that vehicle reversing activities are controlled and that safe systems of work are in place using trained banksmen?', N'879f3774-f4d6-42b1-a4d8-20eea35bec1f')
INSERT [dbo].[SafeCheckQuestion] ([Id], [CustomQuestion], [Title], [RelatedCategoryId]) VALUES (N'd8273f7e-f4ba-4165-a903-708754ef640a', 0, N'Are suitable first aid kits and first aid personnel available?', N'00000000-0000-0000-0000-000000000000')
INSERT [dbo].[SafeCheckQuestion] ([Id], [CustomQuestion], [Title], [RelatedCategoryId]) VALUES (N'aadbc5a9-2685-4322-bf76-70fdddc71536', 0, N'Are there arrangements in connection with licencing for the sale of alcohol or provision of entertainment?', N'a33cec89-d548-4dc1-9602-4ede4c7c6d77')
INSERT [dbo].[SafeCheckQuestion] ([Id], [CustomQuestion], [Title], [RelatedCategoryId]) VALUES (N'787f2def-8f35-45ea-a4a3-753c5ea2f9de', 0, N'Where persons undertake lone working activities, are suitable communication and other necessary arrangements in place?', N'00000000-0000-0000-0000-000000000000')
INSERT [dbo].[SafeCheckQuestion] ([Id], [CustomQuestion], [Title], [RelatedCategoryId]) VALUES (N'344a9d4c-694a-4fc8-b5cc-75c5b05b7cf1', 0, N'Is portable electrical equipment subject to periodic checks and tests?', N'00000000-0000-0000-0000-000000000000')
INSERT [dbo].[SafeCheckQuestion] ([Id], [CustomQuestion], [Title], [RelatedCategoryId]) VALUES (N'ad97cdf5-5a28-438e-adac-77c1b069d068', 0, N'Are lock-off procedures devised and adopted, where necessary?', N'879f3774-f4d6-42b1-a4d8-20eea35bec1f')
INSERT [dbo].[SafeCheckQuestion] ([Id], [CustomQuestion], [Title], [RelatedCategoryId]) VALUES (N'e7c3f463-47ed-43a4-8512-79c88a1d18fe', 0, N'Is industrial racking subject to periodic examination by a suitably competent person based upon its intended use and position?', N'879f3774-f4d6-42b1-a4d8-20eea35bec1f')
INSERT [dbo].[SafeCheckQuestion] ([Id], [CustomQuestion], [Title], [RelatedCategoryId]) VALUES (N'31f13782-9349-4877-a50f-7a71a0269d4e', 0, N'Is access equipment (ladders, etc.) used for work at height suitable (normally of industrial grade) and subject to periodic checks and maintenance?', N'00000000-0000-0000-0000-000000000000')
INSERT [dbo].[SafeCheckQuestion] ([Id], [CustomQuestion], [Title], [RelatedCategoryId]) VALUES (N'95c9cb23-4e47-4f23-94c7-80c6a654c6d4', 0, N'Is the workspace provided for employees adequate?', N'00000000-0000-0000-0000-000000000000')
INSERT [dbo].[SafeCheckQuestion] ([Id], [CustomQuestion], [Title], [RelatedCategoryId]) VALUES (N'bff13840-0d21-4958-ba3c-8abacdb26faf', 0, N'Are vehicle beacons & sounders maintained in good working order?', N'879f3774-f4d6-42b1-a4d8-20eea35bec1f')
INSERT [dbo].[SafeCheckQuestion] ([Id], [CustomQuestion], [Title], [RelatedCategoryId]) VALUES (N'69a5d5f4-8d9f-4b80-a0d5-8b8e29a349ee', 0, N'Have risk assessments been carried out for manual handling?', N'00000000-0000-0000-0000-000000000000')
INSERT [dbo].[SafeCheckQuestion] ([Id], [CustomQuestion], [Title], [RelatedCategoryId]) VALUES (N'def1d135-a7e2-4ecf-8b37-8bfd92eb40eb', 0, N'Are fork-lift truck movements subject to risk assessment (with all vehicles driven only by trained and authorised drivers)?', N'879f3774-f4d6-42b1-a4d8-20eea35bec1f')
INSERT [dbo].[SafeCheckQuestion] ([Id], [CustomQuestion], [Title], [RelatedCategoryId]) VALUES (N'b5449e10-4b20-462b-89ca-8dcd1b973df4', 0, N'Are road traffic accidents occurring during work activities subject to reporting, investigation and appropriate remedial action?', N'cac157f2-bf0e-447c-a404-60ffd34912da')
INSERT [dbo].[SafeCheckQuestion] ([Id], [CustomQuestion], [Title], [RelatedCategoryId]) VALUES (N'94ab1e50-70ce-40f7-96c3-8eea69dd8e20', 0, N'Where assessed as being necessary, does health surveillance of individual employees take place with records kept?', N'00000000-0000-0000-0000-000000000000')
INSERT [dbo].[SafeCheckQuestion] ([Id], [CustomQuestion], [Title], [RelatedCategoryId]) VALUES (N'654db79f-93cf-4c52-b7c4-91f845f7f107', 0, N'Is housekeeping in all workplaces to a good standard?', N'00000000-0000-0000-0000-000000000000')
INSERT [dbo].[SafeCheckQuestion] ([Id], [CustomQuestion], [Title], [RelatedCategoryId]) VALUES (N'e00f20a7-2e56-4ae4-b0ee-944e82554f3c', 0, N'Is lighting adequate for the work being undertaken?', N'00000000-0000-0000-0000-000000000000')
INSERT [dbo].[SafeCheckQuestion] ([Id], [CustomQuestion], [Title], [RelatedCategoryId]) VALUES (N'430b8830-d95e-4e0f-8863-951fa1603f32', 0, N'Are local exhaust ventilation systems subject to periodic examination and test by a competent person?', N'00000000-0000-0000-0000-000000000000')
INSERT [dbo].[SafeCheckQuestion] ([Id], [CustomQuestion], [Title], [RelatedCategoryId]) VALUES (N'5baa00fe-ee37-40d4-a753-9abfafe3311f', 0, N'Are tasks that expose employees to the risk of harm from vibration, suitably managed and controlled (whole body or fingers)?', N'3dee8018-575e-4609-a5ac-c1de2475c2db')
INSERT [dbo].[SafeCheckQuestion] ([Id], [CustomQuestion], [Title], [RelatedCategoryId]) VALUES (N'16ed225d-a33e-4d35-8c7b-a87bb553e33c', 0, N'Are radiator & pipe covers installed, as necessary, to avoid the risk of persons incurring injury through contact with hot surfaces?', N'a33cec89-d548-4dc1-9602-4ede4c7c6d77')
INSERT [dbo].[SafeCheckQuestion] ([Id], [CustomQuestion], [Title], [RelatedCategoryId]) VALUES (N'11924189-627a-444d-84e5-a9376b807f3a', 0, N'Is a copy of the Health and Safety ''What you should know'' poster on display?', N'00000000-0000-0000-0000-000000000000')
INSERT [dbo].[SafeCheckQuestion] ([Id], [CustomQuestion], [Title], [RelatedCategoryId]) VALUES (N'49610d2a-b473-444d-970d-aa0336b5eac3', 0, N'Are mezzanine floor areas designed to be suitable for the intended use?', N'00000000-0000-0000-0000-000000000000')
INSERT [dbo].[SafeCheckQuestion] ([Id], [CustomQuestion], [Title], [RelatedCategoryId]) VALUES (N'fdac29e4-6671-49df-9468-abf66c947ce2', 0, N'Are daily visual checks undertaken for all work vehicles with records kept?', N'879f3774-f4d6-42b1-a4d8-20eea35bec1f')
INSERT [dbo].[SafeCheckQuestion] ([Id], [CustomQuestion], [Title], [RelatedCategoryId]) VALUES (N'966f77d8-d0c7-4100-a627-ade30db1c6d4', 0, N'Have risk assessments been carried out for general tasks?', N'00000000-0000-0000-0000-000000000000')
INSERT [dbo].[SafeCheckQuestion] ([Id], [CustomQuestion], [Title], [RelatedCategoryId]) VALUES (N'db37c7ec-0749-4912-a194-ae568524cdcb', 0, N'Are relevant windows in bedrooms and in common parts of the building fitted with restricted devices capable of being locked in a set position?', N'a33cec89-d548-4dc1-9602-4ede4c7c6d77')
INSERT [dbo].[SafeCheckQuestion] ([Id], [CustomQuestion], [Title], [RelatedCategoryId]) VALUES (N'eee0631c-32e0-4044-9a41-aea2471ebe3f', 0, N'Have risk assessments been carried out for hazardous substances?', N'00000000-0000-0000-0000-000000000000')
INSERT [dbo].[SafeCheckQuestion] ([Id], [CustomQuestion], [Title], [RelatedCategoryId]) VALUES (N'94b307ae-a0dd-4e17-a1bb-b17c5405cc75', 0, N'Are there safe working procedures in place in connection with the use of weed killing and insecticide chemicals based on risk assessment?', N'a33cec89-d548-4dc1-9602-4ede4c7c6d77')
INSERT [dbo].[SafeCheckQuestion] ([Id], [CustomQuestion], [Title], [RelatedCategoryId]) VALUES (N'f2600c1f-b0ae-49f7-9bd0-b1a8b3ab9277', 0, N'Where deliveries are made to the premises, are suitable arrangements in place to protect employees and others from vehicles and goods being loaded and unloaded?', N'a33cec89-d548-4dc1-9602-4ede4c7c6d77')
INSERT [dbo].[SafeCheckQuestion] ([Id], [CustomQuestion], [Title], [RelatedCategoryId]) VALUES (N'06ed1563-ac53-4189-8336-b357b2c18247', 0, N'Are there arrangements in place to ensure that hot water outlet temperatures are lower than 43C with testing records retained?', N'879f3774-f4d6-42b1-a4d8-20eea35bec1f')
INSERT [dbo].[SafeCheckQuestion] ([Id], [CustomQuestion], [Title], [RelatedCategoryId]) VALUES (N'f8fc56c3-9ece-455a-8e5b-b6cb6870d034', 0, N'Are floors and floor coverings of suitable design and of non-slip material?', N'00000000-0000-0000-0000-000000000000')
INSERT [dbo].[SafeCheckQuestion] ([Id], [CustomQuestion], [Title], [RelatedCategoryId]) VALUES (N'f919da33-b76f-435a-b8b7-b71e80d29edb', 0, N'Is fire equipment available and subject to annual competent person checks and servicing?', N'00000000-0000-0000-0000-000000000000')
INSERT [dbo].[SafeCheckQuestion] ([Id], [CustomQuestion], [Title], [RelatedCategoryId]) VALUES (N'8490b00f-745a-4be8-9e81-b93683c2e8eb', 0, N'Are sheeting & un-sheeting operations subject to risk assessment and safe systems of work?', N'879f3774-f4d6-42b1-a4d8-20eea35bec1f')
INSERT [dbo].[SafeCheckQuestion] ([Id], [CustomQuestion], [Title], [RelatedCategoryId]) VALUES (N'7b23aa12-d1c7-4d9d-b1fc-cd70079ed0fa', 0, N'Are permit to work systems devised and adopted, where necessary, based upon risk assessment?', N'00000000-0000-0000-0000-000000000000')
INSERT [dbo].[SafeCheckQuestion] ([Id], [CustomQuestion], [Title], [RelatedCategoryId]) VALUES (N'a224977d-6950-4db6-bd8f-cd7dbeb46223', 0, N'Are abrasive wheel machines suitably situated and maintained in a safe condition? (are persons who change or dress abrasive wheels suitably trained?)', N'879f3774-f4d6-42b1-a4d8-20eea35bec1f')
INSERT [dbo].[SafeCheckQuestion] ([Id], [CustomQuestion], [Title], [RelatedCategoryId]) VALUES (N'31b711bd-4576-42d1-86ac-ceb30c505cfe', 0, N'Is glazing within work premises suitable?', N'00000000-0000-0000-0000-000000000000')
INSERT [dbo].[SafeCheckQuestion] ([Id], [CustomQuestion], [Title], [RelatedCategoryId]) VALUES (N'425b8f10-acf6-4177-bdc3-d2a03383398a', 0, N'Are goods lifts subject to periodic Thorough Examination?', N'879f3774-f4d6-42b1-a4d8-20eea35bec1f')
INSERT [dbo].[SafeCheckQuestion] ([Id], [CustomQuestion], [Title], [RelatedCategoryId]) VALUES (N'027ff347-8eb1-4305-b20d-d5ac626d252f', 0, N'Is gym equipment subject to periodic competent person servicing and maintenance (with records kept)?', N'a33cec89-d548-4dc1-9602-4ede4c7c6d77')
INSERT [dbo].[SafeCheckQuestion] ([Id], [CustomQuestion], [Title], [RelatedCategoryId]) VALUES (N'63791aa2-734e-420b-81cb-d860d469da93', 0, N'Are staff rest rooms limited to employee use only?', N'a33cec89-d548-4dc1-9602-4ede4c7c6d77')
INSERT [dbo].[SafeCheckQuestion] ([Id], [CustomQuestion], [Title], [RelatedCategoryId]) VALUES (N'f532c2fa-83f4-49eb-93c6-d990c8cdf77f', 0, N'Is a current copy of the Employers'' Liability Insurance Certificate available to employees?', N'00000000-0000-0000-0000-000000000000')
INSERT [dbo].[SafeCheckQuestion] ([Id], [CustomQuestion], [Title], [RelatedCategoryId]) VALUES (N'3f827cfa-78f8-4cff-ae4b-da84325a475d', 0, N'Are arrangements in place to control the access to, storage of, dispensing and disposal of drugs & medicines (with only authorised persons having such access)?', N'879f3774-f4d6-42b1-a4d8-20eea35bec1f')
INSERT [dbo].[SafeCheckQuestion] ([Id], [CustomQuestion], [Title], [RelatedCategoryId]) VALUES (N'74f3d203-f8e4-4303-bba8-e0222aa9ee42', 0, N'Are arrangements in place to consult with employees on health and safety issues? Are records of consultation retained?', N'00000000-0000-0000-0000-000000000000')
INSERT [dbo].[SafeCheckQuestion] ([Id], [CustomQuestion], [Title], [RelatedCategoryId]) VALUES (N'afbfb950-2a0e-40f5-9f7a-e1516536da43', 0, N'Is all hot working subject to the adoption of suitable control measures, based upon risk assessment?', N'879f3774-f4d6-42b1-a4d8-20eea35bec1f')
INSERT [dbo].[SafeCheckQuestion] ([Id], [CustomQuestion], [Title], [RelatedCategoryId]) VALUES (N'59cf8d10-3eed-460c-986e-e2d974949480', 0, N'Do activities involving welding, flame & plasma cutting have suitable screening with permit to work procedures in place?', N'879f3774-f4d6-42b1-a4d8-20eea35bec1f')
INSERT [dbo].[SafeCheckQuestion] ([Id], [CustomQuestion], [Title], [RelatedCategoryId]) VALUES (N'cab9dd56-cec8-4208-a052-e64e8d8c1133', 0, N'Where a survey has identified the presence of asbestos, is a suitable management plan in place? (Is this made available to contractors?)', N'00000000-0000-0000-0000-000000000000')
INSERT [dbo].[SafeCheckQuestion] ([Id], [CustomQuestion], [Title], [RelatedCategoryId]) VALUES (N'49962659-cbf6-4420-9686-e85ed4b3d6e6', 0, N'Are slip, trip and fall hazards (spillages, cables and stock) avoided with arrangements in place to keep floors free from such hazards?', N'00000000-0000-0000-0000-000000000000')
INSERT [dbo].[SafeCheckQuestion] ([Id], [CustomQuestion], [Title], [RelatedCategoryId]) VALUES (N'a7fb80e9-6e25-42c1-a7e8-eaacd2b2b1a6', 0, N'Where cash and valuables are handled are suitable security measures planned and adopted?', N'a33cec89-d548-4dc1-9602-4ede4c7c6d77')
INSERT [dbo].[SafeCheckQuestion] ([Id], [CustomQuestion], [Title], [RelatedCategoryId]) VALUES (N'a7741657-5b46-4238-ad98-eb5dff7f7b98', 0, N'Where cash or valuables are handled, are adequate security arrangements in place?', N'00000000-0000-0000-0000-000000000000')
INSERT [dbo].[SafeCheckQuestion] ([Id], [CustomQuestion], [Title], [RelatedCategoryId]) VALUES (N'67fd48b1-c6ab-4eef-a7ad-eb73e39703be', 0, N'Are indications of safe working loads clearly displayed on all racking?', N'879f3774-f4d6-42b1-a4d8-20eea35bec1f')
INSERT [dbo].[SafeCheckQuestion] ([Id], [CustomQuestion], [Title], [RelatedCategoryId]) VALUES (N'ef6388d9-f9d9-4258-a1c8-ee6e757c3ec3', 0, N'Are external areas maintained so as to be suitable for the work activities taking place?', N'00000000-0000-0000-0000-000000000000')
INSERT [dbo].[SafeCheckQuestion] ([Id], [CustomQuestion], [Title], [RelatedCategoryId]) VALUES (N'8a393a6d-82e5-46bc-ae40-efdbf9f38ef6', 0, N'Are suitable safety precautions in place in regard to charging and re-charging of electric vehicles?', N'879f3774-f4d6-42b1-a4d8-20eea35bec1f')
INSERT [dbo].[SafeCheckQuestion] ([Id], [CustomQuestion], [Title], [RelatedCategoryId]) VALUES (N'6b7741bd-d2ed-4c55-96a7-effce369f1cf', 0, N'Are periodic water outlet temperature checks (and sampling) undertaken to ensure that temperatures are sufficient to destroy legionella bacteria?', N'879f3774-f4d6-42b1-a4d8-20eea35bec1f')
INSERT [dbo].[SafeCheckQuestion] ([Id], [CustomQuestion], [Title], [RelatedCategoryId]) VALUES (N'fa7b1e60-744e-4a32-82d1-f390ae342a41', 0, N'Are steps & stairways covered with suitable non-slip materials with contrasting colour edge strips fitted where visibility may be a problem?', N'00000000-0000-0000-0000-000000000000')
INSERT [dbo].[SafeCheckQuestion] ([Id], [CustomQuestion], [Title], [RelatedCategoryId]) VALUES (N'e72b5ec9-6a2d-401a-8dcb-f60d69eb8eb3', 0, N'Are arrangements in place to ensure that medical waste and sharps are properly managed?', N'879f3774-f4d6-42b1-a4d8-20eea35bec1f')
INSERT [dbo].[SafeCheckQuestion] ([Id], [CustomQuestion], [Title], [RelatedCategoryId]) VALUES (N'707956bb-20e1-42ed-a3e5-f73635854baf', 0, N'If the premises were built or refurbished before 2000, has an asbestos survey been carried out?', N'00000000-0000-0000-0000-000000000000')
INSERT [dbo].[SafeCheckQuestion] ([Id], [CustomQuestion], [Title], [RelatedCategoryId]) VALUES (N'adcbc7bf-4e33-42ea-aca3-f96388c77202', 0, N'Is emergency lighting subject to a regime of periodic checks and maintenance?', N'00000000-0000-0000-0000-000000000000')
INSERT [dbo].[SafeCheckQuestion] ([Id], [CustomQuestion], [Title], [RelatedCategoryId]) VALUES (N'88110872-579b-415c-a5a2-fa7dc90f2438', 0, N'Are fixed and portable gas appliances subject to periodic examination by a qualified Gas Safe Engineer?', N'00000000-0000-0000-0000-000000000000')
INSERT [dbo].[SafeCheckQuestion] ([Id], [CustomQuestion], [Title], [RelatedCategoryId]) VALUES (N'56a6dade-cafb-4f67-95e4-fb4668befaec', 0, N'Is an Accident and Incident reporting procedure in place?', N'00000000-0000-0000-0000-000000000000')
INSERT [dbo].[SafeCheckQuestion] ([Id], [CustomQuestion], [Title], [RelatedCategoryId]) VALUES (N'dad98087-b077-41b6-91ae-fbe2c83b4b28', 0, N'Are fire alarms tested weekly and serviced every six months with records kept?', N'00000000-0000-0000-0000-000000000000')
INSERT [dbo].[SafeCheckQuestion] ([Id], [CustomQuestion], [Title], [RelatedCategoryId]) VALUES (N'1914753c-7c3a-4deb-adf1-fe4d18a4c567', 0, N'Is suitable ventilation provided to premises to ensure that fresh air is available?', N'00000000-0000-0000-0000-000000000000')
INSERT [dbo].[SafeCheckQuestion] ([Id], [CustomQuestion], [Title], [RelatedCategoryId]) VALUES (N'4424d7b6-ba49-4b27-845b-ff1f221b4ce4', 0, N'Is there access to competent health and safety advice?', N'00000000-0000-0000-0000-000000000000')
INSERT [dbo].[SafeCheckQuestion] ([Id], [CustomQuestion], [Title], [RelatedCategoryId]) VALUES (N'5daf1954-cb43-4e2d-b19f-ffbf5e80ac40', 0, N'Are arrangements in place to undertake planned testing / treatment of water tanks and disinfection of ''dead leg'' shower units to minimise risks from Legionellosis?', N'a33cec89-d548-4dc1-9602-4ede4c7c6d77')
/****** Object:  Table [dbo].[SafeCheckCheckListQuestion]    Script Date: 09/04/2013 17:02:50 ******/
/****** Object:  Table [dbo].[SafeCheckCheckListAnswer]    Script Date: 09/04/2013 17:02:50 ******/
/****** Object:  Table [dbo].[SafeCheckCheckList]    Script Date: 09/04/2013 17:02:50 ******/
/****** Object:  Table [dbo].[SafeCheckCategoryQuestion]    Script Date: 09/04/2013 17:02:50 ******/
INSERT [dbo].[SafeCheckCategoryQuestion] ([Id], [CategoryId], [QuestionId]) VALUES (N'6c639e76-a428-4b05-9a14-03e8c4fca6e1', N'4e53b1c9-4201-462f-9464-402f2f17ef36', N'739a8f75-4366-4eb9-bce7-5ece6fc24eb7')
INSERT [dbo].[SafeCheckCategoryQuestion] ([Id], [CategoryId], [QuestionId]) VALUES (N'f43dd240-b46e-47bf-bc5f-08e440ac0010', N'cac157f2-bf0e-447c-a404-60ffd34912da', N'94ab1e50-70ce-40f7-96c3-8eea69dd8e20')
INSERT [dbo].[SafeCheckCategoryQuestion] ([Id], [CategoryId], [QuestionId]) VALUES (N'3b9d04d1-9950-4478-9f36-0a9c43a9f220', N'cac157f2-bf0e-447c-a404-60ffd34912da', N'88110872-579b-415c-a5a2-fa7dc90f2438')
INSERT [dbo].[SafeCheckCategoryQuestion] ([Id], [CategoryId], [QuestionId]) VALUES (N'2c12a017-1e96-4165-8eef-0acb34c3e7fc', N'879f3774-f4d6-42b1-a4d8-20eea35bec1f', N'5343708d-eac8-4aaf-869d-5978ea1a0d99')
INSERT [dbo].[SafeCheckCategoryQuestion] ([Id], [CategoryId], [QuestionId]) VALUES (N'a81eda94-e2db-4939-9ebf-0c1e54dee806', N'a33cec89-d548-4dc1-9602-4ede4c7c6d77', N'95c9cb23-4e47-4f23-94c7-80c6a654c6d4')
INSERT [dbo].[SafeCheckCategoryQuestion] ([Id], [CategoryId], [QuestionId]) VALUES (N'28d47d6b-86f0-41f8-a4da-12771360abde', N'6072afa8-1d21-40cb-8396-cfa126d9c358', N'16ed225d-a33e-4d35-8c7b-a87bb553e33c')
INSERT [dbo].[SafeCheckCategoryQuestion] ([Id], [CategoryId], [QuestionId]) VALUES (N'6da716d8-7f04-4f2d-9cce-135c95b7e027', N'cac157f2-bf0e-447c-a404-60ffd34912da', N'966f77d8-d0c7-4100-a627-ade30db1c6d4')
INSERT [dbo].[SafeCheckCategoryQuestion] ([Id], [CategoryId], [QuestionId]) VALUES (N'1a589b0a-a37a-4eef-9d26-18c4edd35888', N'a33cec89-d548-4dc1-9602-4ede4c7c6d77', N'6ff2a0eb-6e29-45b5-b75e-095b1ca98f96')
INSERT [dbo].[SafeCheckCategoryQuestion] ([Id], [CategoryId], [QuestionId]) VALUES (N'a8c92597-fc9b-4dbc-a0f8-1bcd5a6d5780', N'd08f3a38-e383-4bff-bfb5-7314327c3752', N'fae45722-efac-4b4b-8027-4ed30edff13d')
INSERT [dbo].[SafeCheckCategoryQuestion] ([Id], [CategoryId], [QuestionId]) VALUES (N'72cc2d54-56e5-4bca-8e35-1c8e73788f6f', N'879f3774-f4d6-42b1-a4d8-20eea35bec1f', N'68a65301-7b8d-4443-9f10-2c4f44b16fae')
INSERT [dbo].[SafeCheckCategoryQuestion] ([Id], [CategoryId], [QuestionId]) VALUES (N'02a8cd00-8c63-4639-9d25-1ef0a8a4d5d9', N'a33cec89-d548-4dc1-9602-4ede4c7c6d77', N'31b711bd-4576-42d1-86ac-ceb30c505cfe')
INSERT [dbo].[SafeCheckCategoryQuestion] ([Id], [CategoryId], [QuestionId]) VALUES (N'ff589631-caa7-4908-bdce-22f7ee2d2473', N'879f3774-f4d6-42b1-a4d8-20eea35bec1f', N'430b8830-d95e-4e0f-8863-951fa1603f32')
INSERT [dbo].[SafeCheckCategoryQuestion] ([Id], [CategoryId], [QuestionId]) VALUES (N'354f16f8-4a03-4025-b4ca-2474b124173a', N'a33cec89-d548-4dc1-9602-4ede4c7c6d77', N'654db79f-93cf-4c52-b7c4-91f845f7f107')
INSERT [dbo].[SafeCheckCategoryQuestion] ([Id], [CategoryId], [QuestionId]) VALUES (N'f360c15e-a7b5-48bb-ae87-248b7f381f4b', N'4e53b1c9-4201-462f-9464-402f2f17ef36', N'027ff347-8eb1-4305-b20d-d5ac626d252f')
INSERT [dbo].[SafeCheckCategoryQuestion] ([Id], [CategoryId], [QuestionId]) VALUES (N'09a50bb0-fabc-4eca-bd6f-25348e7d81d5', N'd08f3a38-e383-4bff-bfb5-7314327c3752', N'bff13840-0d21-4958-ba3c-8abacdb26faf')
INSERT [dbo].[SafeCheckCategoryQuestion] ([Id], [CategoryId], [QuestionId]) VALUES (N'd5aa0e18-01fa-450e-a48f-283b3e6cfeb5', N'4e53b1c9-4201-462f-9464-402f2f17ef36', N'bf7c6c52-f57c-4c10-8fe0-15e742e4aed3')
INSERT [dbo].[SafeCheckCategoryQuestion] ([Id], [CategoryId], [QuestionId]) VALUES (N'6d704473-0ed7-4a4e-8a05-2926f3915bec', N'6072afa8-1d21-40cb-8396-cfa126d9c358', N'06ed1563-ac53-4189-8336-b357b2c18247')
INSERT [dbo].[SafeCheckCategoryQuestion] ([Id], [CategoryId], [QuestionId]) VALUES (N'767cb1c4-f04f-4225-bda4-292ef0998980', N'd08f3a38-e383-4bff-bfb5-7314327c3752', N'ad97cdf5-5a28-438e-adac-77c1b069d068')
INSERT [dbo].[SafeCheckCategoryQuestion] ([Id], [CategoryId], [QuestionId]) VALUES (N'a2e201a1-411b-4fe8-8fd4-2a9bc664bcb0', N'd08f3a38-e383-4bff-bfb5-7314327c3752', N'95bbf08c-f464-477d-b1b4-6d2552a0bf86')
INSERT [dbo].[SafeCheckCategoryQuestion] ([Id], [CategoryId], [QuestionId]) VALUES (N'd14ae9f6-9f86-40fd-bb62-2c6e156bbcbb', N'cac157f2-bf0e-447c-a404-60ffd34912da', N'caa26613-3ba2-4820-bc99-160e8f53d1cf')
INSERT [dbo].[SafeCheckCategoryQuestion] ([Id], [CategoryId], [QuestionId]) VALUES (N'733e3609-c7d2-45cb-8296-2ca4c18fcbeb', N'012824ad-25de-4ea8-ac2b-3360b596f8cc', N'a7fb80e9-6e25-42c1-a7e8-eaacd2b2b1a6')
INSERT [dbo].[SafeCheckCategoryQuestion] ([Id], [CategoryId], [QuestionId]) VALUES (N'f80245d1-1f44-4b94-b768-2e76da78636f', N'cac157f2-bf0e-447c-a404-60ffd34912da', N'7044e667-f584-4812-9046-18de1885b631')
INSERT [dbo].[SafeCheckCategoryQuestion] ([Id], [CategoryId], [QuestionId]) VALUES (N'13f3934b-5076-4bde-8cba-303744bc2b9b', N'cac157f2-bf0e-447c-a404-60ffd34912da', N'0ccf8583-dd3b-4184-92a8-27a7e5e870c1')
INSERT [dbo].[SafeCheckCategoryQuestion] ([Id], [CategoryId], [QuestionId]) VALUES (N'ff76be97-fdc4-4dcf-8223-33a24fda7552', N'a33cec89-d548-4dc1-9602-4ede4c7c6d77', N'adcbc7bf-4e33-42ea-aca3-f96388c77202')
INSERT [dbo].[SafeCheckCategoryQuestion] ([Id], [CategoryId], [QuestionId]) VALUES (N'd244627b-de17-4556-8e05-3568fe67bb2b', N'4e53b1c9-4201-462f-9464-402f2f17ef36', N'5c77256e-fbfd-4992-bdc3-19c84f1f8bf8')
INSERT [dbo].[SafeCheckCategoryQuestion] ([Id], [CategoryId], [QuestionId]) VALUES (N'c975d638-12b3-4161-aae2-3742df5cb1df', N'3dee8018-575e-4609-a5ac-c1de2475c2db', N'74f3d203-f8e4-4303-bba8-e0222aa9ee42')
INSERT [dbo].[SafeCheckCategoryQuestion] ([Id], [CategoryId], [QuestionId]) VALUES (N'ef75bda2-6c59-491f-97db-3ef0712fe660', N'cac157f2-bf0e-447c-a404-60ffd34912da', N'8a55a24c-25b9-4c30-9304-6ceda51cc682')
INSERT [dbo].[SafeCheckCategoryQuestion] ([Id], [CategoryId], [QuestionId]) VALUES (N'3d3340fa-7963-4671-a0ad-4064c0d903ff', N'd08f3a38-e383-4bff-bfb5-7314327c3752', N'a224977d-6950-4db6-bd8f-cd7dbeb46223')
INSERT [dbo].[SafeCheckCategoryQuestion] ([Id], [CategoryId], [QuestionId]) VALUES (N'bd3faa64-98f0-40f1-ae6b-430006463b22', N'cac157f2-bf0e-447c-a404-60ffd34912da', N'2d908b28-face-43ca-921b-3a8a99b01f79')
INSERT [dbo].[SafeCheckCategoryQuestion] ([Id], [CategoryId], [QuestionId]) VALUES (N'54547d81-c794-4f25-9b64-43a1448f95ec', N'cac157f2-bf0e-447c-a404-60ffd34912da', N'69a5d5f4-8d9f-4b80-a0d5-8b8e29a349ee')
INSERT [dbo].[SafeCheckCategoryQuestion] ([Id], [CategoryId], [QuestionId]) VALUES (N'488d6d00-251a-4de5-8ad8-450c50e025c9', N'a33cec89-d548-4dc1-9602-4ede4c7c6d77', N'cab9dd56-cec8-4208-a052-e64e8d8c1133')
INSERT [dbo].[SafeCheckCategoryQuestion] ([Id], [CategoryId], [QuestionId]) VALUES (N'bcb62e17-c582-4475-b57f-4664df6d2ff8', N'd08f3a38-e383-4bff-bfb5-7314327c3752', N'8490b00f-745a-4be8-9e81-b93683c2e8eb')
INSERT [dbo].[SafeCheckCategoryQuestion] ([Id], [CategoryId], [QuestionId]) VALUES (N'7d3172cb-c33e-4902-988d-4967b5ada8e2', N'd08f3a38-e383-4bff-bfb5-7314327c3752', N'bd2979ee-ec03-4514-923b-0d0a26f0a2c7')
INSERT [dbo].[SafeCheckCategoryQuestion] ([Id], [CategoryId], [QuestionId]) VALUES (N'eb5244f3-2ae1-4201-848c-51cdf1b3afeb', N'4e53b1c9-4201-462f-9464-402f2f17ef36', N'94b307ae-a0dd-4e17-a1bb-b17c5405cc75')
INSERT [dbo].[SafeCheckCategoryQuestion] ([Id], [CategoryId], [QuestionId]) VALUES (N'3abb50fe-bc86-498d-adfd-53339e75ead3', N'6072afa8-1d21-40cb-8396-cfa126d9c358', N'5daf1954-cb43-4e2d-b19f-ffbf5e80ac40')
INSERT [dbo].[SafeCheckCategoryQuestion] ([Id], [CategoryId], [QuestionId]) VALUES (N'96853a5c-d323-407a-ab98-5764c4f2f3da', N'cac157f2-bf0e-447c-a404-60ffd34912da', N'56a6dade-cafb-4f67-95e4-fb4668befaec')
INSERT [dbo].[SafeCheckCategoryQuestion] ([Id], [CategoryId], [QuestionId]) VALUES (N'ca4bdbd3-b2f8-4c8c-b83c-58884181a493', N'879f3774-f4d6-42b1-a4d8-20eea35bec1f', N'e69f16bc-46fa-4866-b9b8-2a7cec1ddc25')
INSERT [dbo].[SafeCheckCategoryQuestion] ([Id], [CategoryId], [QuestionId]) VALUES (N'74e16436-22cf-40e6-a864-5c68e2bfce67', N'd08f3a38-e383-4bff-bfb5-7314327c3752', N'67fd48b1-c6ab-4eef-a7ad-eb73e39703be')
INSERT [dbo].[SafeCheckCategoryQuestion] ([Id], [CategoryId], [QuestionId]) VALUES (N'eebd5096-d467-4dd7-9b51-625e4290628b', N'879f3774-f4d6-42b1-a4d8-20eea35bec1f', N'f3bbaa15-c0c8-437c-920d-1fe2c856819d')
INSERT [dbo].[SafeCheckCategoryQuestion] ([Id], [CategoryId], [QuestionId]) VALUES (N'f375b7eb-2ca6-4b90-8786-6357c4119479', N'd08f3a38-e383-4bff-bfb5-7314327c3752', N'5baa00fe-ee37-40d4-a753-9abfafe3311f')
INSERT [dbo].[SafeCheckCategoryQuestion] ([Id], [CategoryId], [QuestionId]) VALUES (N'ea42d2ea-6c9b-440a-92c0-66b95f4230d7', N'cac157f2-bf0e-447c-a404-60ffd34912da', N'5140c0f3-b5d9-415e-b910-32c7093a96e7')
INSERT [dbo].[SafeCheckCategoryQuestion] ([Id], [CategoryId], [QuestionId]) VALUES (N'26ed24f7-5d79-45b3-8857-68bd8289794c', N'3dee8018-575e-4609-a5ac-c1de2475c2db', N'd8273f7e-f4ba-4165-a903-708754ef640a')
INSERT [dbo].[SafeCheckCategoryQuestion] ([Id], [CategoryId], [QuestionId]) VALUES (N'72177b91-22c3-4310-b24f-69eddd780eeb', N'cac157f2-bf0e-447c-a404-60ffd34912da', N'7b23aa12-d1c7-4d9d-b1fc-cd70079ed0fa')
INSERT [dbo].[SafeCheckCategoryQuestion] ([Id], [CategoryId], [QuestionId]) VALUES (N'ba9681bd-4ac3-42de-a8e5-6ecd5bf4401b', N'a33cec89-d548-4dc1-9602-4ede4c7c6d77', N'e00f20a7-2e56-4ae4-b0ee-944e82554f3c')
INSERT [dbo].[SafeCheckCategoryQuestion] ([Id], [CategoryId], [QuestionId]) VALUES (N'8fe0a4e5-775c-4bd3-b99f-71eb15b1ece6', N'6072afa8-1d21-40cb-8396-cfa126d9c358', N'e72b5ec9-6a2d-401a-8dcb-f60d69eb8eb3')
INSERT [dbo].[SafeCheckCategoryQuestion] ([Id], [CategoryId], [QuestionId]) VALUES (N'3ea83209-d791-445a-8131-7649110af48e', N'3dee8018-575e-4609-a5ac-c1de2475c2db', N'a7741657-5b46-4238-ad98-eb5dff7f7b98')
INSERT [dbo].[SafeCheckCategoryQuestion] ([Id], [CategoryId], [QuestionId]) VALUES (N'3cc610fc-8708-4f6a-b0f0-7c8018527334', N'a33cec89-d548-4dc1-9602-4ede4c7c6d77', N'707956bb-20e1-42ed-a3e5-f73635854baf')
INSERT [dbo].[SafeCheckCategoryQuestion] ([Id], [CategoryId], [QuestionId]) VALUES (N'2ad17808-1626-45b5-88a9-7d173b7688b2', N'6072afa8-1d21-40cb-8396-cfa126d9c358', N'3f827cfa-78f8-4cff-ae4b-da84325a475d')
INSERT [dbo].[SafeCheckCategoryQuestion] ([Id], [CategoryId], [QuestionId]) VALUES (N'746a8a22-20f6-4ddd-87dd-805d61d33c3c', N'cac157f2-bf0e-447c-a404-60ffd34912da', N'4424d7b6-ba49-4b27-845b-ff1f221b4ce4')
INSERT [dbo].[SafeCheckCategoryQuestion] ([Id], [CategoryId], [QuestionId]) VALUES (N'8373d586-08e7-452f-91dc-84d2918e06f4', N'cac157f2-bf0e-447c-a404-60ffd34912da', N'b6619c8c-4b3d-4487-a747-2e2f238cd4cf')
INSERT [dbo].[SafeCheckCategoryQuestion] ([Id], [CategoryId], [QuestionId]) VALUES (N'2570ad69-601d-4edf-88b7-85cbfd34462d', N'a33cec89-d548-4dc1-9602-4ede4c7c6d77', N'3986b600-f06b-4d35-a174-36b331f11f3a')
INSERT [dbo].[SafeCheckCategoryQuestion] ([Id], [CategoryId], [QuestionId]) VALUES (N'66db1cc8-7972-4995-9e98-889c29c33b61', N'd08f3a38-e383-4bff-bfb5-7314327c3752', N'e7c3f463-47ed-43a4-8512-79c88a1d18fe')
INSERT [dbo].[SafeCheckCategoryQuestion] ([Id], [CategoryId], [QuestionId]) VALUES (N'768ad127-5aa4-44d5-9c94-88f06dac51a7', N'879f3774-f4d6-42b1-a4d8-20eea35bec1f', N'31f13782-9349-4877-a50f-7a71a0269d4e')
INSERT [dbo].[SafeCheckCategoryQuestion] ([Id], [CategoryId], [QuestionId]) VALUES (N'3ae32716-3bf5-4cc0-aaaa-897f4fa98a41', N'd08f3a38-e383-4bff-bfb5-7314327c3752', N'59cf8d10-3eed-460c-986e-e2d974949480')
INSERT [dbo].[SafeCheckCategoryQuestion] ([Id], [CategoryId], [QuestionId]) VALUES (N'4bef0fe4-f655-444d-8b9a-8bb225e616b7', N'3dee8018-575e-4609-a5ac-c1de2475c2db', N'0d079039-6fb1-4015-b2a3-42310ba8eb26')
INSERT [dbo].[SafeCheckCategoryQuestion] ([Id], [CategoryId], [QuestionId]) VALUES (N'9335d20f-0b29-47a6-882a-8c23f7abb428', N'a33cec89-d548-4dc1-9602-4ede4c7c6d77', N'1914753c-7c3a-4deb-adf1-fe4d18a4c567')
INSERT [dbo].[SafeCheckCategoryQuestion] ([Id], [CategoryId], [QuestionId]) VALUES (N'4ac96e72-d4ba-4f9d-91e5-8eee9a2af0f1', N'6072afa8-1d21-40cb-8396-cfa126d9c358', N'63791aa2-734e-420b-81cb-d860d469da93')
INSERT [dbo].[SafeCheckCategoryQuestion] ([Id], [CategoryId], [QuestionId]) VALUES (N'9d0aa23f-5a93-4295-b925-9391833a3905', N'd08f3a38-e383-4bff-bfb5-7314327c3752', N'7324b59c-a10a-47e3-a679-3d66f86078f7')
INSERT [dbo].[SafeCheckCategoryQuestion] ([Id], [CategoryId], [QuestionId]) VALUES (N'55edfe60-4fec-4b27-ba2d-984b88b7401a', N'a33cec89-d548-4dc1-9602-4ede4c7c6d77', N'146ee765-5173-467c-a8a5-302e1078f47c')
INSERT [dbo].[SafeCheckCategoryQuestion] ([Id], [CategoryId], [QuestionId]) VALUES (N'e59a783b-b90f-4d75-a75c-9953e329799e', N'd08f3a38-e383-4bff-bfb5-7314327c3752', N'b5449e10-4b20-462b-89ca-8dcd1b973df4')
INSERT [dbo].[SafeCheckCategoryQuestion] ([Id], [CategoryId], [QuestionId]) VALUES (N'287299c0-5715-4a8a-b736-996fcb5c4399', N'd08f3a38-e383-4bff-bfb5-7314327c3752', N'00479291-e1aa-403a-b9b4-401c817b7e5f')
INSERT [dbo].[SafeCheckCategoryQuestion] ([Id], [CategoryId], [QuestionId]) VALUES (N'21eae436-5d98-4e3d-9c24-9a6ecffd4297', N'cac157f2-bf0e-447c-a404-60ffd34912da', N'f532c2fa-83f4-49eb-93c6-d990c8cdf77f')
INSERT [dbo].[SafeCheckCategoryQuestion] ([Id], [CategoryId], [QuestionId]) VALUES (N'5c26c648-44df-4180-92d4-a173615e4a55', N'cac157f2-bf0e-447c-a404-60ffd34912da', N'2c468068-1d84-454e-aeaf-1717bf58987c')
INSERT [dbo].[SafeCheckCategoryQuestion] ([Id], [CategoryId], [QuestionId]) VALUES (N'6b755b3e-6b57-4a67-bed6-a1d96c048f22', N'a33cec89-d548-4dc1-9602-4ede4c7c6d77', N'acf0b371-efd3-456a-ab5c-39bfd0704684')
INSERT [dbo].[SafeCheckCategoryQuestion] ([Id], [CategoryId], [QuestionId]) VALUES (N'8070c83a-db7d-4465-af48-a1e2f497b141', N'a33cec89-d548-4dc1-9602-4ede4c7c6d77', N'49962659-cbf6-4420-9686-e85ed4b3d6e6')
INSERT [dbo].[SafeCheckCategoryQuestion] ([Id], [CategoryId], [QuestionId]) VALUES (N'5c0da1fd-8b58-4f01-8876-a36e58499397', N'a33cec89-d548-4dc1-9602-4ede4c7c6d77', N'aa7dde35-053c-403b-9394-3378f8e8bfd9')
INSERT [dbo].[SafeCheckCategoryQuestion] ([Id], [CategoryId], [QuestionId]) VALUES (N'd88a2efe-c248-42e8-8374-a52ed44c5a6f', N'd08f3a38-e383-4bff-bfb5-7314327c3752', N'afbfb950-2a0e-40f5-9f7a-e1516536da43')
INSERT [dbo].[SafeCheckCategoryQuestion] ([Id], [CategoryId], [QuestionId]) VALUES (N'7b36090d-f1ec-4ea8-8cd6-a53d5813bb89', N'd08f3a38-e383-4bff-bfb5-7314327c3752', N'fdac29e4-6671-49df-9468-abf66c947ce2')
INSERT [dbo].[SafeCheckCategoryQuestion] ([Id], [CategoryId], [QuestionId]) VALUES (N'8025a2bc-6af8-45a3-aa36-a75f765b5789', N'd08f3a38-e383-4bff-bfb5-7314327c3752', N'8a393a6d-82e5-46bc-ae40-efdbf9f38ef6')
INSERT [dbo].[SafeCheckCategoryQuestion] ([Id], [CategoryId], [QuestionId]) VALUES (N'af97db98-89fc-42c8-ba51-ab0c5f5a44e5', N'a33cec89-d548-4dc1-9602-4ede4c7c6d77', N'5c908fef-bd25-4555-88ee-358844d3a645')
INSERT [dbo].[SafeCheckCategoryQuestion] ([Id], [CategoryId], [QuestionId]) VALUES (N'3e15c1bb-43c5-4b32-9115-b22d31a32943', N'a33cec89-d548-4dc1-9602-4ede4c7c6d77', N'f8fc56c3-9ece-455a-8e5b-b6cb6870d034')
INSERT [dbo].[SafeCheckCategoryQuestion] ([Id], [CategoryId], [QuestionId]) VALUES (N'9b756634-9298-4b93-ba95-b6ceec20d0eb', N'879f3774-f4d6-42b1-a4d8-20eea35bec1f', N'ad2d47cd-adf7-4d55-8bea-19b09356bb42')
INSERT [dbo].[SafeCheckCategoryQuestion] ([Id], [CategoryId], [QuestionId]) VALUES (N'b4b34405-5f63-48c0-b8de-b9bdc7805fbd', N'cac157f2-bf0e-447c-a404-60ffd34912da', N'344a9d4c-694a-4fc8-b5cc-75c5b05b7cf1')
INSERT [dbo].[SafeCheckCategoryQuestion] ([Id], [CategoryId], [QuestionId]) VALUES (N'65c92522-cd90-4b36-ab21-b9c2129d56ce', N'4e53b1c9-4201-462f-9464-402f2f17ef36', N'6b7741bd-d2ed-4c55-96a7-effce369f1cf')
INSERT [dbo].[SafeCheckCategoryQuestion] ([Id], [CategoryId], [QuestionId]) VALUES (N'cfe47e2b-a636-4609-8483-ba9e70c5b2d8', N'012824ad-25de-4ea8-ac2b-3360b596f8cc', N'f2600c1f-b0ae-49f7-9bd0-b1a8b3ab9277')
INSERT [dbo].[SafeCheckCategoryQuestion] ([Id], [CategoryId], [QuestionId]) VALUES (N'8a158b64-faf7-4bca-a6c6-bdc6c63e14d8', N'd08f3a38-e383-4bff-bfb5-7314327c3752', N'42740025-ab43-4371-b99d-2b7c6848cfbb')
INSERT [dbo].[SafeCheckCategoryQuestion] ([Id], [CategoryId], [QuestionId]) VALUES (N'109809b6-32ef-4d30-9bc1-bddd409d493e', N'd08f3a38-e383-4bff-bfb5-7314327c3752', N'def1d135-a7e2-4ecf-8b37-8bfd92eb40eb')
INSERT [dbo].[SafeCheckCategoryQuestion] ([Id], [CategoryId], [QuestionId]) VALUES (N'82f9ae88-f893-4c7e-9960-cc0565a2e3d7', N'cac157f2-bf0e-447c-a404-60ffd34912da', N'11924189-627a-444d-84e5-a9376b807f3a')
INSERT [dbo].[SafeCheckCategoryQuestion] ([Id], [CategoryId], [QuestionId]) VALUES (N'6bc5c18c-23a3-4330-97dd-cd223adb4b1b', N'a33cec89-d548-4dc1-9602-4ede4c7c6d77', N'2bef26a3-dc2f-49ea-bf57-3529b20020c1')
INSERT [dbo].[SafeCheckCategoryQuestion] ([Id], [CategoryId], [QuestionId]) VALUES (N'f7dc5a1e-c13a-4d2e-8901-cd90963e0f31', N'6072afa8-1d21-40cb-8396-cfa126d9c358', N'db37c7ec-0749-4912-a194-ae568524cdcb')
INSERT [dbo].[SafeCheckCategoryQuestion] ([Id], [CategoryId], [QuestionId]) VALUES (N'1ba79413-ca13-4a03-874a-cf1930a9ac3a', N'cac157f2-bf0e-447c-a404-60ffd34912da', N'eee0631c-32e0-4044-9a41-aea2471ebe3f')
INSERT [dbo].[SafeCheckCategoryQuestion] ([Id], [CategoryId], [QuestionId]) VALUES (N'fe4f9e9d-2d1e-4502-8dc3-cfbdebfbd9a5', N'a33cec89-d548-4dc1-9602-4ede4c7c6d77', N'fa7b1e60-744e-4a32-82d1-f390ae342a41')
INSERT [dbo].[SafeCheckCategoryQuestion] ([Id], [CategoryId], [QuestionId]) VALUES (N'02920a7e-6391-442e-be7b-cff56bac398d', N'879f3774-f4d6-42b1-a4d8-20eea35bec1f', N'154f4ceb-f88e-4718-b20c-55ebddd6d56d')
INSERT [dbo].[SafeCheckCategoryQuestion] ([Id], [CategoryId], [QuestionId]) VALUES (N'7e878d7b-ff7f-45ce-a40d-d348de4532cb', N'012824ad-25de-4ea8-ac2b-3360b596f8cc', N'1ea8c779-c3ef-48a7-8a17-1bdaec49fbf6')
INSERT [dbo].[SafeCheckCategoryQuestion] ([Id], [CategoryId], [QuestionId]) VALUES (N'c13641af-048e-44ce-b857-db162675a053', N'd08f3a38-e383-4bff-bfb5-7314327c3752', N'1b972401-91d4-4070-9fca-0a4219c65e2f')
INSERT [dbo].[SafeCheckCategoryQuestion] ([Id], [CategoryId], [QuestionId]) VALUES (N'337a0318-e339-4c56-80cc-dcb89c4b9dcd', N'd08f3a38-e383-4bff-bfb5-7314327c3752', N'425b8f10-acf6-4177-bdc3-d2a03383398a')
INSERT [dbo].[SafeCheckCategoryQuestion] ([Id], [CategoryId], [QuestionId]) VALUES (N'643e6bda-bbfd-49af-8573-e0e42191e29d', N'3dee8018-575e-4609-a5ac-c1de2475c2db', N'787f2def-8f35-45ea-a4a3-753c5ea2f9de')
INSERT [dbo].[SafeCheckCategoryQuestion] ([Id], [CategoryId], [QuestionId]) VALUES (N'c8e230ea-a9a6-4214-88a7-e36fce463978', N'4e53b1c9-4201-462f-9464-402f2f17ef36', N'aadbc5a9-2685-4322-bf76-70fdddc71536')
INSERT [dbo].[SafeCheckCategoryQuestion] ([Id], [CategoryId], [QuestionId]) VALUES (N'33cc0fb4-e0a5-4ca8-abab-e6eb6ca2ac96', N'a33cec89-d548-4dc1-9602-4ede4c7c6d77', N'7d48b1b0-060d-4c1b-99c6-40e7782475a9')
INSERT [dbo].[SafeCheckCategoryQuestion] ([Id], [CategoryId], [QuestionId]) VALUES (N'9454e36f-5569-43e8-a96d-e821ffb68c06', N'6072afa8-1d21-40cb-8396-cfa126d9c358', N'f94bda28-9b2f-40d1-b8fa-2a211ce7b7af')
INSERT [dbo].[SafeCheckCategoryQuestion] ([Id], [CategoryId], [QuestionId]) VALUES (N'51084d93-03a4-4b38-b546-e942769fabf2', N'a33cec89-d548-4dc1-9602-4ede4c7c6d77', N'49610d2a-b473-444d-970d-aa0336b5eac3')
INSERT [dbo].[SafeCheckCategoryQuestion] ([Id], [CategoryId], [QuestionId]) VALUES (N'9947b420-7a7e-4591-b0e6-ed4b0616b25c', N'a33cec89-d548-4dc1-9602-4ede4c7c6d77', N'ef6388d9-f9d9-4258-a1c8-ee6e757c3ec3')
INSERT [dbo].[SafeCheckCategoryQuestion] ([Id], [CategoryId], [QuestionId]) VALUES (N'23e7416e-655f-4685-ad73-ee23aef80ec3', N'a33cec89-d548-4dc1-9602-4ede4c7c6d77', N'90cf8c4a-d2d1-4007-befd-34cfccc4bde7')
INSERT [dbo].[SafeCheckCategoryQuestion] ([Id], [CategoryId], [QuestionId]) VALUES (N'74a1e7bb-4f61-4c25-86ea-f205180a59b8', N'a33cec89-d548-4dc1-9602-4ede4c7c6d77', N'f919da33-b76f-435a-b8b7-b71e80d29edb')
INSERT [dbo].[SafeCheckCategoryQuestion] ([Id], [CategoryId], [QuestionId]) VALUES (N'404c8ec4-ef7b-4ede-99bb-f2b7c09d5a39', N'cac157f2-bf0e-447c-a404-60ffd34912da', N'7f1a2d57-d85a-4876-9c3e-45f491b991af')
INSERT [dbo].[SafeCheckCategoryQuestion] ([Id], [CategoryId], [QuestionId]) VALUES (N'e6b844e5-cf9b-4705-aee9-f2b9e725e47a', N'3dee8018-575e-4609-a5ac-c1de2475c2db', N'141ce66a-6332-4c1c-abda-228b61a1b2bf')
INSERT [dbo].[SafeCheckCategoryQuestion] ([Id], [CategoryId], [QuestionId]) VALUES (N'a72b6363-ea4a-4a1c-831a-f37f65e13fdc', N'012824ad-25de-4ea8-ac2b-3360b596f8cc', N'107dc727-57c5-4a90-bfa3-1508db13735d')
INSERT [dbo].[SafeCheckCategoryQuestion] ([Id], [CategoryId], [QuestionId]) VALUES (N'1cbb270f-0438-492f-a7a1-fa0e2dbc310b', N'3dee8018-575e-4609-a5ac-c1de2475c2db', N'b795eabd-08bd-44af-934e-452dcda0d28e')
INSERT [dbo].[SafeCheckCategoryQuestion] ([Id], [CategoryId], [QuestionId]) VALUES (N'0be14e86-b131-4fc9-8928-fb910ea0386f', N'a33cec89-d548-4dc1-9602-4ede4c7c6d77', N'dad98087-b077-41b6-91ae-fbe2c83b4b28')
/****** Object:  Table [dbo].[SafeCheckCategory]    Script Date: 09/04/2013 17:02:50 ******/
INSERT [dbo].[SafeCheckCategory] ([Id], [Title], [ReportTitle], [Mandatory]) VALUES (N'879f3774-f4d6-42b1-a4d8-20eea35bec1f', N'Equipment', N'Work Equipment & Machinery', 0)
INSERT [dbo].[SafeCheckCategory] ([Id], [Title], [ReportTitle], [Mandatory]) VALUES (N'012824ad-25de-4ea8-ac2b-3360b596f8cc', N'Retail', N'', 0)
INSERT [dbo].[SafeCheckCategory] ([Id], [Title], [ReportTitle], [Mandatory]) VALUES (N'4e53b1c9-4201-462f-9464-402f2f17ef36', N'Hotel / Leisure', N'', 0)
INSERT [dbo].[SafeCheckCategory] ([Id], [Title], [ReportTitle], [Mandatory]) VALUES (N'a33cec89-d548-4dc1-9602-4ede4c7c6d77', N'Premises', N'Premises & Work Environment', 0)
INSERT [dbo].[SafeCheckCategory] ([Id], [Title], [ReportTitle], [Mandatory]) VALUES (N'cac157f2-bf0e-447c-a404-60ffd34912da', N'Documentation', N'Health & Safety Documentation, Records & Arrangements', 0)
INSERT [dbo].[SafeCheckCategory] ([Id], [Title], [ReportTitle], [Mandatory]) VALUES (N'd08f3a38-e383-4bff-bfb5-7314327c3752', N'Manufacturing, Warehouse, Transport', N'', 0)
INSERT [dbo].[SafeCheckCategory] ([Id], [Title], [ReportTitle], [Mandatory]) VALUES (N'3dee8018-575e-4609-a5ac-c1de2475c2db', N'Employees', N'Employees', 0)
INSERT [dbo].[SafeCheckCategory] ([Id], [Title], [ReportTitle], [Mandatory]) VALUES (N'6072afa8-1d21-40cb-8396-cfa126d9c358', N'Care', N'', 0)
